wikipathways_id	name	snps
WP23	B Cell Receptor Signaling Pathway	rs3780792, rs13017599, rs1366594, rs12203592, rs2755237, rs7238078, rs1033180, rs1600249, rs6590330, rs13031237, rs3805236, rs8016947, rs7158173, rs2736340, rs7812879, rs12344583, rs702873, rs2283792, rs11221332, rs290986, rs4601609, rs1432295, rs7665090, rs9642880, rs872071
WP2333	Trans-sulfuration pathway	rs6586282
WP2509	Nanoparticle triggered autophagic cell death	rs7111341, rs2241880, rs3792109, rs891088, rs2115386
WP3891	Benzene metabolism	
WP1604	Codeine and Morphine Metabolism	rs6742078, rs4149081, rs887829, rs4148325, rs11892031, rs4363657
WP536	Calcium Regulation in the Cardiac Cell	rs4074536, rs263238, rs10919071, rs12883884, rs7554607, rs1127065, rs7798500, rs815815, rs2281845, rs10491334, rs11065611, rs10495928, rs3753242, rs2681472, rs2877716, rs6807064, rs2306677, rs2681492, rs2070615, rs291353, rs216013, rs2819770, rs13224682, rs999943, rs4903031, rs2819742, rs2816316, rs2782980, rs3889237, rs2229116, rs2601828, rs4075958, rs82625, rs11154022
WP3596	miR-517 relationship with ARCN1 and USP1	rs1321311
WP106	Alanine and aspartate metabolism	rs7122539
WP4149	White fat cell differentiation	rs7111341, rs7120118, rs224278, rs11868035, rs809736, rs340029, rs501764, rs2755237, rs339969, rs1033180, rs4857855, rs3743266, rs872071, rs12203592, rs11071559, rs3784609, rs6774494
WP437	EGF/EGFR Signaling Pathway	rs2562784, rs12593813, rs1366594, rs1378942, rs2755237, rs10758669, rs3781264, rs17036350, rs7209435, rs744166, rs16886165, rs180515, rs6673480, rs12344583, rs2283792, rs17415853, rs534870, rs4601609, rs889312, rs11154022, rs3780792, rs3807989, rs17581368, rs3753242, rs2274223, rs3805236, rs2502731, rs653178, rs11979158, rs12540874, rs3765524, rs17291650, rs3889237, rs2241423, rs1755289, rs2032794, rs10810865, rs9574565
WP466	DNA Replication	rs837763, rs690705, rs2069408, rs2277339
WP4022	Pyrimidine metabolism	rs4657482, rs2277339, rs11637235, rs8321, rs2562519, rs470119, rs7097, rs16861990, rs6761
WP1533	Vitamin B12 Metabolism	rs11057830, rs2228671, rs4149268, rs2515629, rs11668477, rs6511720, rs6754295, rs12686004, rs5498, rs1801133, rs783147, rs541041, rs12282742, rs11265260, rs3905000, rs7111341, rs673548, rs11254363, rs6586282, rs693, rs2575876, rs891088, rs2794520, rs10508517, rs1801239, rs7134594, rs3093030, rs830998, rs1799969, rs2808630, rs2544390, rs6602175, rs17367504, rs4765623, rs7665090, rs12093699, rs2115386
WP3915	Angiopoietin Like Protein 8 Regulatory Pathway	rs2153960, rs7120118, rs12678919, rs10770705, rs12593813, rs9310736, rs2755237, rs7578326, rs6544713, rs7805747, rs7795096, rs17036350, rs10096633, rs7209435, rs180515, rs16886165, rs7111341, rs2083637, rs11868035, rs538147, rs2283792, rs6756629, rs2943641, rs2241423, rs9480865, rs889312, rs891088, rs4299376, rs2115386
WP707	DNA Damage Response	rs5742915, rs3218097, rs2244012, rs2282978, rs11968166, rs2234978, rs1321311, rs445, rs8102137, rs9642880, rs2069408, rs1547014, rs738722, rs11611647, rs730566, rs10876993, rs4238010, rs1801516
WP3941	Oxidative Damage	rs7665090, rs477895, rs889312, rs1321311, rs10133111, rs3761847, rs210134, rs210138, rs16886165
WP2431	Spinal Cord Injury	rs2807278, rs2153960, rs1064395, rs6001027, rs1801274, rs5498, rs10876993, rs310501, rs4795067, rs1379659, rs2069408, rs7702057, rs4282339, rs6136, rs2284063, rs11979158, rs1569476, rs2659546, rs3093030, rs3742207, rs2283792, rs738322, rs1799969, rs3889237, rs10932886, rs3758354, rs9480865, rs3803800, rs9642880, rs6265, rs11154022
WP136	Phase I biotransformations, non P450	rs1412444, rs854555
WP1602	Nicotine Activity on Dopaminergic Neurons	rs1051730, rs12914385, rs11214606, rs8042374
WP696	Benzo(a)pyrene metabolism	rs2470893
WP4141	PI3K/AKT/mTOR - VitD3 Signalling	rs3129890, rs6441286, rs485499, rs17810546, rs6903608, rs3024505, rs2248359, rs3135363, rs2896526, rs9282641, rs17036350, rs3135338, rs9642880, rs3129882
WP195	IL-1 signaling pathway	rs7626795, rs9290936, rs2413583, rs8016947, rs13017599, rs968451, rs13031237, rs702873, rs2283792, rs3753242, rs4601609, rs398652, rs1432295, rs889312, rs7665090, rs7209435, rs16886165
WP2361	Gastric Cancer Network 1	rs13208776, rs7603514, rs438034
WP3585	Cytosine methylation	
WP3286	Copper homeostasis	rs2153960, rs4601609, rs6107516, rs9480865, rs242557, rs2755237, rs8070723, rs6052699
WP304	Kit receptor signaling pathway	rs7647307, rs17083844, rs2153960, rs3782181, rs477895, rs242557, rs12540874, rs995030, rs8070723, rs2283792, rs10758669, rs3889237, rs180515, rs9480865, rs12821256, rs744166
WP560	TGF-beta Receptor Signaling	rs227731, rs744910, rs10903122, rs956237, rs7665090, rs17760296, rs7865146, rs4444235, rs4601609, rs7789197, rs4939827, rs12431733, rs744166
WP3633	Caffeine and Theobromine metabolism	rs1495741, rs2472304
WP1531	Vitamin D Metabolism	rs2248359, rs2282679
WP1981	Thyroxine (Thyroid Hormone) Production	rs8017455, rs12101261, rs17111394
WP98	Prostaglandin Synthesis and Regulation	rs4613763, rs32579, rs4148546, rs6842241, rs1926657, rs4650608, rs3758354, rs7647307, rs4148441, rs1341239
WP3407	FTO Obesity Variant Mechanism	rs7089424, rs2651899, rs6499640, rs8050136, rs9941349
WP2447	Amyotrophic lateral sclerosis (ALS)	rs157580, rs2659546, rs477895, rs2075650, rs10875943, rs12658202, rs1800693
WP734	Serotonin Receptor 4/6/7 and NR3C Signaling	rs17291650, rs3995090, rs2283792
WP53	ID signaling pathway	rs11868035, rs4509693, rs8102137, rs2069408, rs16933812
WP1984	Integrated Breast Cancer Pathway	rs5742915, rs7586970, rs6902771, rs2244012, rs2755237, rs704010, rs7578326, rs3764640, rs2305707, rs543650, rs6435862, rs17036350, rs9642880, rs7158173, rs6625163, rs477895, rs11593576, rs968451, rs2283792, rs9929218, rs4601609, rs210138, rs4939827, rs738722, rs5919432, rs2413583, rs3768716, rs2899472, rs210134, rs2069408, rs3846662, rs1547014, rs11979158, rs9472138, rs10931468, rs1999805, rs2943641, rs17291650, rs2504063, rs3758354, rs1250552, rs7665090, rs5031002, rs10876993, rs1250550, rs1801516
WP2249	Metastatic brain tumor	rs2282978, rs9642880, rs445
WP619	Type II interferon signaling (IFNG)	rs305061, rs2523608, rs9468925, rs2247056, rs3093030, rs5498, rs11642873, rs10758669, rs2066808, rs2070729, rs1799969, rs1033180, rs13437082, rs391525, rs12203592, rs872071, rs4781011, rs4795067
WP3893	Development and heterogeneity of the ILC family	rs10137082, rs6441286, rs11129295, rs17810546, rs485499, rs2650000, rs7310409, rs20541, rs339969, rs735396, rs3213094, rs1342326, rs17116334, rs10045431, rs3806932, rs1837253, rs809736, rs7305618, rs340029, rs501764, rs2546890, rs3743266, rs4143832, rs960089, rs1295686, rs3784609, rs11071559
WP368	Mitochondrial LC-Fatty Acid Beta-Oxidation	rs7590720, rs7374394, rs2286963
WP2849	Hematopoietic Stem Cell Differentiation	rs882300, rs4072037, rs4725982, rs3782181, rs956237, rs9310736, rs12198173, rs995030, rs484959, rs185819, rs8176746, rs12821256, rs495828, rs4132601, rs4781011, rs2269426, rs1150754, rs716595, rs4917014, rs505922, rs4728142, rs657152, rs4143832, rs10276619, rs4857855, rs10506328, rs3807375
WP3580	Methionine De Novo and Salvage Pathway	rs10506525, rs7017212, rs11775334, rs4636294, rs7023329
WP1742	TP53 Network	rs9642880, rs7610017, rs10937405, rs710521, rs1321311, rs12479254, rs1801516
WP4159	GABA receptor Signaling	rs8043440, rs9990174, rs29232
WP3859	TGF-B Signaling in Thyroid Cells for Epithelial-Mesenchymal Transition	rs744910, rs9929218, rs9292394, rs2283792, rs2298574
WP3871	Valproic acid pathway	rs433598, rs10518693, rs7374394, rs4086116, rs10509680, rs2185570, rs1057910
WP2276	Glial Cell Differentiation	
WP706	Sudden Infant Death Syndrome (SIDS) Susceptibility Pathways	rs32579, rs4725982, rs10903122, rs1366594, rs3024505, rs4657178, rs20541, rs339969, rs3811647, rs3922844, rs3757840, rs867559, rs12576239, rs1175000, rs12143842, rs1415259, rs13224682, rs2839627, rs6625163, rs2237886, rs2819742, rs234720, rs3130501, rs2880058, rs1713985, rs163182, rs4601609, rs12029454, rs2237892, rs4857855, rs4129267, rs3743266, rs950776, rs7554607, rs6265, rs6670655, rs3807375, rs5919432, rs11071559, rs11154022, rs1049296, rs730497, rs2237878, rs9310736, rs1799852, rs7798500, rs2839619, rs11898505, rs4537545, rs11984041, rs1512268, rs2819770, rs3027409, rs809736, rs179429, rs340029, rs1867504, rs9472138, rs12053903, rs501764, rs6442925, rs4607517, rs1295686, rs7665090, rs5031002, rs9491640, rs3784609
WP2369	Histone Modifications	rs10484434, rs17050782
WP4018	Pathways in clear cell renal cell carcinoma	rs10499559, rs8055236, rs11979158, rs3784962, rs12540874, rs7677751, rs17086609, rs7072268, rs2896526, rs477992, rs8079702, rs4783244, rs17036350, rs2114039, rs6563943, rs9472138, rs2251219, rs744166
WP1545	miRNAs involved in DNA damage response	rs445, rs8102137, rs3218097, rs2282978, rs11968166, rs9642880, rs1321311, rs1801516
WP3529	Zinc homeostasis	rs13266634, rs13107325, rs8066857, rs11581062
WP3876	BMP2-WNT4-FOXO1 Pathway in Human Primary Endometrial Stromal Cell Differentiation	rs16826658, rs2755237, rs1733724, rs967417
WP2059	Alzheimers Disease	rs4764043, rs6056209, rs2281845, rs4764039, rs242557, rs1869901, rs815815, rs1466535, rs8070723, rs2160519, rs11065611, rs356220, rs10096633, rs11172113, rs2736990, rs2306677, rs2083637, rs216013, rs2659546, rs477895, rs999943, rs2283792, rs1800693, rs6118083, rs2229116, rs11931074, rs2234978, rs2070600, rs12678919
WP2203	Thymic Stromal LymphoPoietin (TSLP) Signaling Pathway	rs3821236, rs706779, rs3194051, rs7574865, rs6897932, rs10758669, rs1059513, rs7090512, rs17036350, rs744166, rs8016947, rs1837253, rs3806932, rs12251307, rs167769, rs2104286, rs2283792, rs7911500, rs3118470, rs2205960, rs7665090, rs9642880, rs860413
WP3640	Imatinib and Chronic Myeloid Leukemia	rs2153960, rs7677751, rs2231142, rs17086609, rs1481012, rs5751614, rs9480865, rs2114039, rs9642880, rs1876518
WP167	Eicosanoid Synthesis	rs5751901, rs2284063, rs6001027, rs738322
WP313	Signaling of Hepatocyte Growth Factor Receptor	rs10243024, rs4601609, rs2032794, rs3805236, rs2283792, rs1551943, rs744166
WP26	Signal Transduction of S1P Receptor	rs6118083, rs6056209, rs4132509, rs1869901, rs2283792, rs17126232
WP15	Selenium Micronutrient Network	rs2228671, rs4149268, rs2515629, rs11057830, rs11668477, rs6511720, rs6754295, rs12686004, rs5498, rs1801133, rs783147, rs541041, rs694739, rs5751901, rs11265260, rs12282742, rs3905000, rs7111341, rs673548, rs693, rs2575876, rs6586282, rs7665090, rs2794520, rs3093030, rs1799969, rs2808630, rs17367504, rs4765623, rs891088, rs12093699, rs2115386
WP405	Eukaryotic Transcription Initiation	rs2978263, rs7097, rs6761
WP399	Wnt Signaling Pathway and Pluripotency	rs2228671, rs956237, rs11668477, rs6511720, rs7903146, rs10495928, rs3753242, rs16826658, rs11611647, rs7901695, rs2074404, rs4238010, rs7349332, rs4944092, rs3218097, rs3736228, rs11968166, rs11158493, rs1864982, rs3130501, rs3889237, rs4601609, rs4962416, rs415430, rs9642880
WP100	Glutathione metabolism	rs5751901
WP3413	NOTCH1 regulation of human endothelial cell calcification	rs2273061, rs9472138, rs1551943
WP3971	Role of Osx and miRNAs in tooth development	rs9296015, rs404860, rs7305618, rs2016266, rs2650000, rs1513670, rs1733724, rs7310409, rs3131296, rs443198, rs735396, rs10876432
WP2291	Deregulation of Rab and Rab Effector Genes in Bladder Cancer	rs9985399, rs2292884
WP127	IL-5 Signaling Pathway	rs2153960, rs242557, rs2075726, rs10758669, rs8070723, rs2283792, rs290986, rs4601609, rs180515, rs9480865, rs9642880, rs744166
WP1991	SRF and miRs in Smooth Muscle Differentiation and Proliferation	rs1366594, rs11611647, rs4238010
WP2456	HIF1A and PPARG regulation of glycolysis	rs2896526
WP1982	Sterol Regulatory Element-Binding Proteins (SREBP) signalling	rs11057830, rs32579, rs7111341, rs11868035, rs2228671, rs2645424, rs11668477, rs6511720, rs7805747, rs7795096, rs17036350, rs4765623, rs3846662, rs10096633, rs12678919, rs2083637
WP1589	Folate-Alcohol and Cancer Pathway Hypotheses	rs6586282, rs1801133, rs17367504
WP455	GPCRs, Class A Rhodopsin-like	rs12970134, rs882300, rs4613763, rs6842241, rs7591064, rs13405728, rs1387153, rs572169, rs1878022, rs571312, rs10861905, rs10871777, rs1010254, rs3093023, rs3093024, rs2268363, rs3995090, rs2166706, rs2119704, rs630923, rs1447352, rs4785763, rs13314993, rs154659, rs2782980, rs11214606, rs4676406, rs4650608, rs869244, rs1403543, rs6421571, rs82625
WP2328	Allograft Rejection	rs9271366, rs987870, rs6441286, rs7775228, rs485499, rs17810546, rs2523809, rs706779, rs4713693, rs3024505, rs9277535, rs20541, rs3077, rs6457617, rs3213094, rs2856718, rs10045431, rs3129055, rs3129890, rs2523608, rs9468925, rs2104286, rs2247056, rs7044529, rs2546890, rs3135363, rs1024161, rs13437082, rs9357152, rs6421571, rs2234978, rs1746048, rs2860580, rs2647012, rs10484561, rs2114039, rs13192471, rs6074022, rs10999409, rs9275572, rs8192917, rs3753242, rs2596542, rs9500927, rs7090512, rs9275698, rs3135338, rs2647044, rs231735, rs3129882, rs2858331, rs12251307, rs7774434, rs630923, rs7677751, rs6903608, rs7911500, rs3118470, rs7590720, rs4143832, rs9282641, rs660895, rs10484554, rs1295686, rs951005, rs9472138, rs9264942, rs7765379
WP2865	IL1 and megakaryocytes in obesity	rs1799969, rs4789939, rs1539019, rs7665090, rs2251746, rs3093030, rs5498
WP3929	Chemokine signaling pathway	rs882300, rs2153960, rs6056209, rs263238, rs3780792, rs13230047, rs1869901, rs1378942, rs10758669, rs3753242, rs10488031, rs4132509, rs2877716, rs3093023, rs3093024, rs741301, rs744166, rs8016947, rs291353, rs7905537, rs169082, rs630923, rs11984075, rs12344583, rs13314993, rs2066808, rs2283792, rs8023445, rs6063312, rs6118083, rs2601828, rs9480865, rs6421571, rs7665090, rs1746048, rs951005
WP3584	MECP2 and Associated Rett Syndrome	rs8007846, rs1366594, rs12658202, rs10483776, rs7159888, rs1713985, rs6500818, rs17369571, rs8028182, rs6265, rs17036350, rs1004446, rs1458038, rs9491640
WP306	Focal Adhesion	rs7077361, rs3914132, rs12198173, rs1551943, rs185819, rs1600249, rs1054627, rs12621278, rs17157903, rs4132509, rs4238010, rs7341475, rs525410, rs3218097, rs477895, rs11150610, rs11968166, rs12344583, rs3742207, rs7044529, rs2736340, rs2283792, rs8023445, rs4298437, rs10243024, rs10895547, rs4601609, rs2114039, rs7812879, rs3780792, rs2084385, rs2158836, rs7319311, rs3807989, rs197770, rs5742692, rs2268983, rs11611647, rs2269426, rs2275215, rs11979158, rs7677751, rs1150754, rs17086609, rs9888739, rs3743200, rs3889237, rs441051, rs11574637, rs4925386, rs9472138, rs10874639
WP2012	miRs in Muscle Cell Differentiation	rs10495928, rs3753242, rs3889237, rs13224682, rs1366594, rs7798500
WP2572	Primary Focal Segmental Glomerulosclerosis FSGS	rs4509693, rs1127065, rs6701713, rs3818361, rs4821469, rs735854, rs1733724, rs2298574, rs3781264, rs1939992, rs2274223, rs2273061, rs867559, rs2502731, rs12034383, rs4935969, rs3736228, rs10863790, rs1321311, rs3765524, rs4925386, rs1557488
WP698	Glucuronidation	rs6742078, rs887829, rs4148325, rs11892031, rs7072268
WP1992	TarBasePathway	rs179429, rs2237878, rs2237886, rs727957, rs7544736, rs163182, rs2237892, rs5742692, rs8079702, rs12576239, rs11154022
WP411	mRNA Processing	rs910316, rs6761, rs673604, rs3867498, rs7544736, rs11205277
WP3658	Wnt/beta-catenin Signaling Pathway in Leukemia	rs5742915, rs956237, rs3736228, rs9642880, rs1733724, rs17116334, rs6068020
WP2290	RalA downstream regulated genes	rs12210050, rs6918152
WP3656	Interleukin-1 Induced Activation of NF-kappa-B	rs3753242, rs7665090
WP262	EBV LMP1 signaling	rs3761847, rs7665090, rs7209435, rs2283792, rs8016947
WP2879	Farnesoid X Receptor  Pathway	rs552976, rs16856332
WP1603	Nicotine Activity on Chromaffin Cells	rs1051730, rs12914385, rs950776, rs8042374, rs216013
WP3595	mir-124 predicted interactions with cell cycle and differentiation	rs3764640
WP3646	Hepatitis C and Hepatocellular Carcinoma	rs9642880, rs744910, rs7305618, rs3780792, rs956237, rs2650000, rs7319311, rs12344583, rs735396, rs1321311, rs4129267, rs7310409, rs4601609, rs4537545, rs7665090, rs9472138, rs744166, rs4795067
WP3599	Transcription factor regulation in adipogenesis	rs1648707, rs2229741, rs266717, rs891088, rs2755237, rs2115386, rs7578326, rs2943641
WP134	Pentose Phosphate Pathway	
WP2338	miRNA Biogenesis	
WP111	Electron Transport Chain	
WP3298	Melatonin metabolism and effects	rs3027409, rs2472304, rs1447352, rs12767583, rs815815, rs2470893, rs2755237, rs1387153, rs2782980, rs3889237, rs82625, rs7665090, rs2166706
WP3300	Dual hijack model of Vif in HIV infection	
WP2324	AGE/RAGE pathway	rs7111341, rs744910, rs11979158, rs891088, rs2755237, rs7578326, rs2283792, rs2943641, rs10758669, rs3753242, rs4601609, rs3889237, rs4795067, rs2070600, rs7665090, rs2115386, rs744166, rs8016947
WP3967	miR-509-3p alteration of YAP1/ECM axis	rs7044529, rs6842241
WP80	Nucleotide GPCRs	
WP107	Translation Factors	rs16892766, rs619865, rs12420464
WP697	Estrogen metabolism	rs6742078, rs2470893, rs887829, rs2472304
WP3982	miRNA regulation of p53 pathway in prostate cancer	rs1547014, rs738722, rs1801516
WP35	G Protein Signaling Pathways	rs11880198, rs263238, rs947583, rs815815, rs7798500, rs10052657, rs798497, rs10495928, rs3753242, rs798544, rs2877716, rs2383378, rs1823068, rs291353, rs1588265, rs1182188, rs13224682, rs2659546, rs702543, rs3889237, rs2601828, rs10493389
WP2848	Differentiation Pathway	rs1049296, rs3782181, rs17760296, rs1799852, rs1733724, rs995030, rs484959, rs4444235, rs3811647, rs5742692, rs4537545, rs12821256, rs12431733, rs1126757, rs7111341, rs9594759, rs152528, rs9594738, rs1867504, rs2121875, rs4129267, rs7789197, rs227731, rs9472138
WP3863	T-Cell antigen Receptor (TCR) pathway during Staphylococcus aureus infection	rs815815, rs3024505, rs10876993, rs1024161, rs4143832, rs4601609, rs7238078, rs4675374, rs7665090, rs231735, rs8016947
WP1559	TFs Regulate miRNAs related to cardiac hypertrophy	rs7665090, rs3743200, rs744166
WP366	TGF-beta Signaling Pathway	rs744910, rs5742915, rs2413583, rs2084385, rs1366594, rs3807989, rs1063192, rs2853676, rs11898505, rs6590330, rs8028182, rs968451, rs2736100, rs1321311, rs2283792, rs12199222, rs10243024, rs11221332, rs441051, rs4601609, rs4939827, rs9642880
WP75	Toll-like Receptor Signaling Pathway	rs10045431, rs2413583, rs6441286, rs485499, rs17810546, rs968451, rs6074022, rs2546890, rs4728142, rs2283792, rs10133111, rs9282641, rs4601609, rs4132509, rs7665090, rs3213094, rs8016947
WP623	Oxidative phosphorylation	rs8192917
WP3611	Photodynamic therapy-induced AP-1 survival signaling.	rs210134, rs11979158, rs7677751, rs1321311, rs4338740, rs1800693, rs4601609, rs8102137, rs2234978, rs2114039, rs210138
WP357	Fatty Acid Biosynthesis	rs7590720, rs7122539
WP501	GPCRs, Class C Metabotropic glutamate, pheromone	rs10831496, rs17691394, rs11971186, rs17864092, rs9870680, rs1801725, rs29232
WP410	Exercise-induced Circadian Regulation	rs10945919, rs1795648, rs2217332, rs2979481, rs2187642
WP3672	LncRNA-mediated mechanisms of therapeutic resistance	rs1884537, rs1321311
WP2064	Neural Crest Differentiation	rs987237, rs404860, rs9292394, rs2298574, rs4444235, rs6590330, rs7647307, rs443198, rs9960767, rs11984041, rs12431733, rs1841770, rs2597513, rs9296015, rs2981579, rs1219648, rs9929218, rs1464500, rs11221332, rs3131296, rs4962416, rs1522232, rs7665090, rs9642880, rs613872
WP384	Apoptosis Modulation by HSP70	rs2234978, rs889312, rs7665090, rs16886165, rs1800693
WP2036	TNF related weak inducer of apoptosis (TWEAK) Signaling Pathway	rs10133111, rs4601609, rs3761847, rs7665090, rs2283792, rs8016947
WP2884	NRF2 pathway	rs13129697, rs10774021, rs6742078, rs5751901, rs8066857, rs6834555, rs1994090, rs9990174, rs4148546, rs13107325, rs6686643, rs2439312, rs737267, rs16890979, rs9036, rs887829, rs1926657, rs2070600, rs733175, rs3775948, rs4148441, rs454305, rs991316
WP2267	Synaptic Vesicle Pathway	rs7758229, rs1897031, rs10518765, rs10455248, rs9364554, rs12608932, rs678962, rs183211, rs10121009, rs199533, rs2502731, rs1011731
WP4142	Metabolism of Spingolipids in ER and Golgi apparatus	rs10873876
WP2371	Parkinsons Disease Pathway	rs653178, rs11931074, rs8102137, rs4821112, rs356220, rs2736990, rs5754217
WP3301	MFAP5-mediated ovarian cancer cell motility and invasiveness	rs4601609, rs2229116, rs2283792, rs999943
WP1941	Peroxisomal beta-oxidation of tetracosanoyl-CoA	
WP2491	Diclofenac Metabolic Pathway	rs12772169, rs12767583
WP497	Urea cycle and metabolism of amino groups	rs2807278
WP561	Heme Biosynthesis	
WP3969	H19 action Rb-E2F1 signaling and CDK-β-catenin activity	rs9466056, rs477687, rs2273061, rs10876993, rs9929218
WP534	Glycolysis and Gluconeogenesis	rs2896526, rs4607517, rs7122539, rs730497, rs3757840, rs7072268
WP2875	Constitutive Androstane Receptor Pathway	rs12767583, rs2185570, rs2755237, rs887829, rs6742078, rs7374394, rs10509680, rs4086116, rs1057910
WP3877	Simplified Depiction of MYD88 Distinct Input-Output Pathway	rs7665090, rs4601609
WP272	Blood Clotting Cascade	rs6056, rs2731672, rs783147
WP481	Insulin Signaling	rs10195252, rs2153960, rs548097, rs12593813, rs2755237, rs7578326, rs3753242, rs17036350, rs3805236, rs3923113, rs7209435, rs180515, rs16886165, rs538147, rs12540874, rs10871454, rs2943641, rs2283792, rs6051520, rs3889237, rs4601609, rs2241423, rs9480865, rs889312, rs891088, rs2115386
WP2916	Interactome of polycomb repressive complex 2 (PRC2)	rs6941421
WP3943	Robo4 and VEGF Signaling Pathways Crosstalk	rs9472138, rs1379659
WP299	Nuclear Receptors in Lipid Metabolism and Toxicity	rs4149268, rs2515629, rs7120118, rs2472304, rs1435703, rs2068888, rs12686004, rs2248359, rs16856332, rs4086116, rs425215, rs3905000, rs552976, rs1057910, rs1529672, rs2575876, rs2185570, rs6756629, rs10509680
WP4016	DNA IR-damage and cellular response via ATR	rs5742915, rs17077154, rs16966142, rs2244012, rs1923775, rs11661542, rs3768716, rs3219090, rs6435862, rs2069408, rs1547014, rs2916733, rs365132, rs1667394, rs2718812, rs12913832, rs730566, rs738722, rs420259, rs1801516
WP710	DNA Damage Response (only ATM dependent)	rs2228671, rs744910, rs2153960, rs415430, rs956237, rs11668477, rs6511720, rs7903146, rs7578326, rs4132509, rs210134, rs16826658, rs11611647, rs7901695, rs4238010, rs11618202, rs16886165, rs7349332, rs2074404, rs4944092, rs3218097, rs477895, rs7665090, rs11968166, rs11158493, rs210138, rs1321311, rs2283792, rs2943641, rs4601609, rs9480865, rs742134, rs889312, rs891088, rs9642880, rs2115386, rs1801516
WP288	NLR Proteins	rs6074022
WP2881	Estrogen Receptor Pathway	rs4601609, rs543650, rs2472304, rs2504063, rs6902771, rs2470893, rs1999805, rs744166
WP3	Transcriptional activation by NRF2	rs7498403, rs3889237, rs1424233
WP465	Tryptophan metabolism	rs2305707, rs12772169, rs2472304, rs2899472, rs2470893
WP3627	Gut-Liver Indole Metabolism	
WP545	Complement Activation	
WP2536	Colchicine Metabolic Pathway	
WP3875	ATR Signaling	rs730566, rs2718812
WP237	Glucocorticoid and Mineralcorticoid Metabolism	rs17115100
WP690	Polyol Pathway	
WP430	Statin Pathway	rs11057830, rs2228671, rs4149268, rs2515629, rs12272004, rs11668477, rs6511720, rs6754295, rs12708980, rs12686004, rs1466535, rs10468017, rs541041, rs6544713, rs1800775, rs3846662, rs10096633, rs11172113, rs1532085, rs4775031, rs9989419, rs1864163, rs2083637, rs673548, rs3905000, rs693, rs2575876, rs2645424, rs7499892, rs6756629, rs1532624, rs3825776, rs6065904, rs3764261, rs4765623, rs12678919, rs4299376
WP2870	Extracellular vesicle-mediated signaling in recipient cells	rs10243024, rs744910, rs11979158, rs17036350, rs454305
WP3878	ATM Signaling Network in Development and Disease	rs2244012, rs11661542, rs3764640, rs3743200, rs17036350, rs738722, rs1547014, rs7665090, rs1801516
WP2645	Heroin metabolism	
WP3414	Initiation of transcription and translation elongation at the HIV-1 LTR	rs1950500, rs2659546, rs7665090, rs11984041, rs8016947
WP2828	Bladder Cancer	rs11979158, rs470119, rs9472138, rs1321311, rs2283792, rs9929218, rs11141915, rs9642880, rs10876993
WP3664	Regulation of Wnt/B-catenin Signaling by Small Molecule Compounds	rs9960767, rs956237, rs1202199, rs11172113, rs1466535, rs613872
WP3892	Development of pulmonary dendritic cells and macrophage subsets	rs872071, rs305061, rs11642873, rs4917014, rs484959, rs1033180, rs10276619, rs4132601, rs9960767, rs12203592, rs391525, rs613872, rs744166
WP3617	Photodynamic therapy-induced NF-kB survival signaling	rs495366, rs13017599, rs3093030, rs13031237, rs5498, rs702873, rs1800693, rs1799969, rs1432295, rs7665090, rs9472138
WP4008	NO/cGMP/PKG mediated Neuroprotection	rs4764043, rs710841, rs3796804, rs4764039, rs1127065, rs477895, rs815815, rs10841496, rs1348582, rs2160519, rs4795067, rs11611208, rs7665090, rs12418204, rs8016947
WP3872	Regulation of Apoptosis by Parathyroid Hormone-related Protein	rs12621278, rs210134, rs210138, rs9642880, rs12479254
WP49	IL-2 Signaling Pathway	rs2153960, rs706779, rs242557, rs2284033, rs8070723, rs7090512, rs11611647, rs180515, rs4238010, rs744166, rs12251307, rs2104286, rs7911500, rs3118470, rs2283792, rs290986, rs4601609, rs9480865, rs9642880
WP496	Steroid Biosynthesis	rs17115100
WP61	Notch Signaling Pathway	rs9296015, rs404860, rs7665090, rs242557, rs10483853, rs501764, rs12423712, rs8070723, rs1321311, rs10758669, rs3131296, rs443198, rs2273061, rs9642880, rs744166
WP3998	Prader-Willi and Angelman Syndrome	rs1847134, rs1042602, rs8043440, rs3867498, rs1063192, rs3753242, rs12143943, rs11611647, rs4238010, rs1393350, rs7111341, rs35391, rs1667394, rs35390, rs2282978, rs12201676, rs445, rs16891982, rs6265, rs12913832, rs10876993
WP391	Mitochondrial Gene Expression	rs10491334, rs32579, rs2659546
WP2857	Mesodermal Commitment Pathway	rs2277027, rs744910, rs956237, rs6941421, rs17760296, rs11129295, rs1733724, rs10758669, rs9298506, rs4743034, rs9960767, rs12424086, rs3112612, rs4812829, rs3130501, rs11067228, rs960089, rs4962416, rs6670655, rs227731, rs415430, rs10958409, rs10423674, rs233100, rs10850409, rs1435703, rs4444235, rs1800961, rs12431733, rs2074404, rs7979673, rs2300478, rs1529672, rs11897119, rs3803662, rs501764, rs8756, rs6442925, rs2236164, rs7089424, rs1504749, rs7789197, rs774359, rs613872
WP4147	PTF1A related regulatory pathway	rs2121875, rs340874
WP3926	ApoE and miR-146 in inflammation and atherosclerosis	
WP3849	MAPK  and NFkB Signalling Pathways Inhibited by Yersinia YopJ	rs8016947, rs889312, rs7665090, rs2283792, rs16886165
WP28	Selenium Metabolism and Selenoproteins	rs4601609, rs7665090, rs9803659, rs10934853
WP2526	PDGF Pathway	rs3780792, rs12344583, rs2283792, rs4601609, rs2032794, rs889312, rs16886165, rs744166, rs8016947
WP2874	Liver X Receptor Pathway	rs11868035, rs7120118, rs4299376, rs6544713, rs6756629
WP1449	Regulation of toll-like receptor signaling pathway	rs610604, rs2413583, rs6441286, rs485499, rs17810546, rs6074022, rs7717572, rs10133111, rs398652, rs4132509, rs3213094, rs8016947, rs10045431, rs968451, rs2546890, rs4728142, rs2283792, rs9282641, rs290986, rs2327832, rs2230926, rs4601609, rs7665090
WP2112	IL17 signaling pathway	rs10137082, rs10133111, rs7665090, rs10758669, rs2283792, rs744166
WP2374	Oncostatin M Signaling Pathway	rs2228671, rs495366, rs12720356, rs11668477, rs6511720, rs7578326, rs2283792, rs2943641, rs280519, rs10758669, rs10495928, rs3889237, rs17036350, rs2069408, rs7665090, rs9472138, rs744166, rs8016947
WP3853	ERK Pathway in Huntington's Disease	rs11979158, rs2283792, rs6265
WP2038	Regulation of Microtubule Cytoskeleton	rs10491334, rs3889237, rs242557, rs8070723, rs744166
WP3850	Factors and pathways affecting insulin-like growth factor (IGF1)-Akt signaling	rs744910, rs5742692, rs2943641, rs17036350, rs7665090, rs7578326, rs180515, rs1800693
WP268	Notch Signaling Pathway	rs9296015, rs404860, rs3131296, rs4962416, rs443198, rs2273061, rs12423712, rs10483853
WP3858	Toll-like Receptor Signaling	rs10133111, rs13017599, rs1432295, rs7665090, rs13031237, rs702873, rs2283792
WP2858	Ectoderm Differentiation	rs11107116, rs10259085, rs735665, rs9292394, rs3734398, rs7805747, rs4355801, rs2736990, rs4148546, rs6885224, rs3112612, rs2981579, rs1219648, rs6028945, rs1926657, rs11695685, rs534870, rs6469804, rs11931074, rs4844096, rs5936487, rs4444235, rs6845865, rs4724100, rs7795096, rs356220, rs13074924, rs12431733, rs11645366, rs17116334, rs646776, rs903027, rs3803662, rs11154801, rs10048146, rs4148441, rs9642880, rs6993813, rs9574565
WP185	Integrin-mediated Cell Adhesion	rs7077361, rs6480314, rs2292354, rs3780792, rs12593813, rs2084385, rs3781684, rs3807989, rs1378942, rs1551943, rs2571445, rs12621278, rs197770, rs4132509, rs11150610, rs12344583, rs9888739, rs2283792, rs2241423, rs11574637
WP3527	Preimplantation Embryo	rs987237, rs1776897, rs1490453, rs10850409, rs3130501, rs501764, rs11067228, rs9929218, rs944289, rs2744148, rs1033180, rs4857855, rs6670655, rs7538876, rs12203592, rs872071, rs9502893, rs7742369
WP2806	Human Complement System	rs11880198, rs10033900, rs2731672, rs6701713, rs2158836, rs3818361, rs6074022, rs5498, rs6677604, rs783147, rs1648707, rs1329428, rs1054627, rs266717, rs6056, rs11265260, rs6136, rs12034383, rs6052699, rs1569476, rs6107516, rs2794520, rs3093030, rs3177980, rs749005, rs830998, rs1799969, rs2808630, rs3889237, rs2544390, rs11574637, rs4925386, rs12093699
WP58	Monoamine GPCRs	rs869244, rs11214606, rs82625, rs3995090, rs2782980
WP2889	Oxytocin signaling	
WP702	Metapathway biotransformation Phase I and II	rs2472304, rs10516526, rs2470893, rs2068888, rs2248359, rs6742078, rs2305707, rs2847476, rs10521232, rs3848445, rs2899472, rs11888559, rs4148325, rs2108622, rs11892031, rs4086116, rs1057910, rs1495741, rs6686643, rs12772169, rs12767583, rs2185570, rs887829, rs17115100, rs10509680, rs2038823
WP3679	Cell-type Dependent Selectivity of CCK2R Signaling	rs6118083, rs2819742, rs6056209, rs2229116, rs7554607, rs2819770
WP2853	Endoderm Differentiation	rs10927875, rs10423674, rs744910, rs415430, rs956237, rs6941421, rs17760296, rs233100, rs11129295, rs2755237, rs1733724, rs1386330, rs9298506, rs944289, rs4743034, rs2336725, rs9960767, rs2074404, rs3112612, rs1111875, rs7923837, rs3130501, rs3803662, rs5015480, rs4430796, rs2236164, rs960089, rs4962416, rs6670655, rs1504749, rs7501939, rs227731, rs613872, rs10958409
WP3657	Hematopoietic Stem Cell Gene Regulation by GABP alpha/beta Complex	rs2153960, rs9480865, rs2187642, rs8192917, rs1801516
WP500	Glycogen Metabolism	rs815815, rs11158493, rs1864982, rs7072268
WP382	MAPK Signaling Pathway	rs12593813, rs242557, rs2310173, rs1366594, rs8070723, rs4132509, rs16886165, rs216013, rs7158173, rs152528, rs2981579, rs1219648, rs968451, rs2121875, rs5945326, rs2283792, rs1800693, rs4601609, rs975121, rs7076247, rs2234978, rs889312, rs6265, rs2413583, rs2281845, rs2084385, rs4338740, rs798497, rs7069923, rs798544, rs2070615, rs11979158, rs1182188, rs538147, rs2659546, rs8035957, rs3743200, rs3889237, rs17369571, rs2241423, rs6687758, rs2306374, rs2032794, rs6691170, rs7665090, rs9642880, rs1458038, rs892055
WP3959	DNA IR-Double Strand Breaks (DSBs) and cellular response via ATM	rs17077154, rs2244012, rs3219090, rs738722, rs210134, rs210138, rs1547014, rs2916733, rs1801516
WP2366	Butyrate-induced histone acetylation	
WP2516	ATM Signaling Pathway	rs1801516, rs2244012, rs1321311, rs4601609, rs8102137, rs12143943, rs2069408, rs1547014, rs738722, rs8016947
WP585	Interferon type I signaling pathways	rs12720356, rs538147, rs7574865, rs3821236, rs13017599, rs13031237, rs702873, rs7578326, rs2066808, rs2943641, rs280519, rs17036350, rs180515, rs1432295, rs889312, rs744166, rs16886165
WP694	Arylamine metabolism	rs1495741, rs2472304
WP3630	NAD metabolism, sirtuins and aging	rs3219090, rs2153960, rs9480865, rs7665090, rs2755237
WP2355	Corticotropin-releasing hormone signaling pathway	rs9303521, rs9960767, rs8016947, rs2283792, rs3219090, rs3889237, rs393152, rs7665090, rs613872, rs11154022
WP3678	Amplification and Expansion of Oncogenic Pathways as Metastatic Traits	rs7579899, rs882300, rs7901695, rs956237, rs7903146, rs2273061, rs9472138
WP3844	PI3K-AKT-mTOR signaling pathway and therapeutic opportunities	rs2153960, rs2842643, rs9480865, rs17036350, rs477895, rs2755237, rs12540874
WP3634	Insulin signalling in human adipocytes (normal condition)	rs548097, rs2943641, rs17036350, rs891088, rs2115386, rs180515, rs7578326
WP688	Catalytic cycle of mammalian Flavin-containing MonoOxygenases (FMOs)	
WP1455	Serotonin Transporter Activity	rs3027409
WP4030	SCFA and skeletal muscle substrate metabolism	
WP3303	RAC1/PAK1/p38/MMP2 Pathway	rs10195252, rs11979158, rs477895, rs2755237, rs17581368, rs2283792, rs2233287, rs4795067, rs2032794, rs7665090, rs9642880, rs3923113, rs10036748, rs744166, rs8016947
WP34	Ovarian Infertility Genes	rs11611647, rs744910, rs7591064, rs10021303, rs13405728, rs2305707, rs2229741, rs1859156, rs3131379, rs2899472, rs2268363, rs10876993, rs4238010, rs1801516
WP78	TCA Cycle	rs6792584
WP2118	Arrhythmogenic Right Ventricular Cardiomyopathy	rs7077361, rs157350, rs2281845, rs956237, rs7903146, rs1551943, rs2298574, rs4704970, rs11065611, rs7069923, rs197770, rs12621278, rs2268983, rs7901695, rs2070615, rs216013, rs2819770, rs4770403, rs2275215, rs2819742, rs11695685, rs7076247, rs7554607, rs11154022
WP2113	Type III interferon signaling	rs12720356, rs2066808, rs280519
WP2840	Hair Follicle Development: Cytodifferentiation (Part 3 of 3)	rs224278, rs3782181, rs956237, rs10903122, rs710521, rs995030, rs1733724, rs4444235, rs5742692, rs12821256, rs9960767, rs12431733, rs12198986, rs9502893, rs275380, rs2242285, rs3859192, rs11979158, rs7236477, rs7610017, rs7850258, rs501764, rs10937405, rs3894194, rs4601609, rs965513, rs7665090, rs613872
WP1424	Globo Sphingolipid Metabolism	rs504963, rs10937275, rs10873876, rs602662, rs505922, rs16861329, rs2216228, rs657152, rs8176746, rs495828
WP438	Non-homologous end joining	rs16859517, rs2244012
WP241	One Carbon Metabolism	rs10498514, rs17367504, rs11754661, rs2295639, rs1801133
WP3287	Overview of nanoparticle effects	rs2808630, rs11968166, rs3218097, rs2794520, rs4132509, rs11265260, rs3742207, rs12093699
WP289	Myometrial Relaxation and Contraction Pathways	rs263238, rs1127065, rs815815, rs7798500, rs10052657, rs11065611, rs10495928, rs3753242, rs1926203, rs2877716, rs1823068, rs2306677, rs2819770, rs291353, rs2070615, rs1588265, rs9303521, rs13224682, rs7665090, rs702543, rs999943, rs4903031, rs2819742, rs10493389, rs2816316, rs17291650, rs3889237, rs2229116, rs2601828, rs393152, rs4075958, rs4601609, rs7554607, rs11154022
WP3624	Lung fibrosis	rs2869967, rs10045431, rs4809324, rs152528, rs7671167, rs6010620, rs2736100, rs2853676, rs2546890, rs4338740, rs20541, rs4143832, rs5742692, rs1295686, rs454305, rs4939827, rs3213094
WP2507	Nanomaterial induced apoptosis	rs2234978, rs210134, rs210138, rs10999409
WP733	Serotonin Receptor 2 and STAT3 Signaling	rs10758669, rs744166
WP692	Sulfation Biotransformation Reaction	
WP732	Serotonin Receptor 2 and ELK-SRF/GATA4 signaling	rs8035957, rs2283792, rs3743200
WP2513	Nanoparticle triggered regulated necrosis	rs3219090, rs1800693
WP2453	TCA Cycle and Deficiency of Pyruvate Dehydrogenase complex (PDHc)	rs7122539, rs6792584
WP2034	Leptin signaling pathway	rs11107116, rs6902771, rs13017599, rs2755237, rs7578326, rs10758669, rs12753193, rs543650, rs13031237, rs17036350, rs180515, rs744166, rs477895, rs1999805, rs702873, rs2283792, rs2943641, rs2504063, rs1892534, rs1432295, rs7665090
WP704	Methylation Pathways	rs2847476
WP477	Cytoplasmic Ribosomal Proteins	rs10507380, rs12580100, rs6604026, rs2280401, rs180515
WP2363	Gastric Cancer Network 2	rs10481151, rs690705, rs11979158, rs10088262, rs9642880
WP205	IL-7 Signaling Pathway	rs12251307, rs706779, rs2104286, rs3194051, rs477895, rs6897932, rs2283792, rs7911500, rs3118470, rs7090512, rs9642880, rs744166, rs860413
WP2846	Proprotein convertase subtilisin/kexin type 9 (PCSK9) mediated LDL receptor degradation	rs2228671, rs6511720, rs11206510, rs11668477
WP1422	Sphingolipid Metabolism	rs680379, rs10438933, rs17126232
WP244	Alpha 6 Beta 4 signaling pathway	rs2275215, rs525410, rs2158836, rs7578326, rs2283792, rs2943641, rs3889237, rs4925386, rs12621278, rs17036350, rs3805236
WP236	Adipogenesis	rs744910, rs7120118, rs2650000, rs1366594, rs2755237, rs7310409, rs7578326, rs339969, rs285480, rs1648707, rs10800098, rs10096633, rs735396, rs744166, rs7111341, rs7579899, rs1776897, rs11868035, rs7305618, rs2066808, rs2229741, rs4857855, rs3743266, rs2234978, rs12678919, rs11712066, rs7742369, rs11071559, rs224278, rs2068888, rs12423712, rs10460009, rs4444235, rs1059513, rs5742692, rs266717, rs12431733, rs2083637, rs809736, rs340029, rs967417, rs167769, rs501764, rs1321311, rs2943641, rs6051520, rs3784609
WP3945	TYROBP Causal Network	rs4148546, rs10903122, rs2270676, rs3760318, rs11150610, rs7595037, rs7498403, rs3184504, rs786870, rs1926657, rs2816316, rs9888739, rs766903, rs11574637, rs1424233, rs4148441, rs17035378
WP3947	Serotonin and anxiety	rs7595037, rs17035378, rs2659546, rs1127065
WP3297	EV release from cardiac cells and their functional effects	rs1341239, rs1746048
WP678	Arachidonate Epoxygenase / Epoxide Hydrolase	rs10509680, rs2185570, rs4086116, rs1057910
WP3935	Leptin Insulin Overlap	rs7111341, rs11107116, rs10758669, rs7578326, rs2943641, rs12753193, rs1892534, rs891088, rs2115386, rs744166
WP1425	Bone Morphogenic Protein (BMP) Signalling and Regulation	rs1859156, rs967417, rs10021303, rs227731, rs17760296
WP51	Regulation of Actin Cytoskeleton	rs2084385, rs1378942, rs1551943, rs4338740, rs3110496, rs798497, rs798544, rs2268983, rs152528, rs11979158, rs1182188, rs2981579, rs7677751, rs1219648, rs2121875, rs2283792, rs975121, rs2306374, rs17369571, rs2114039, rs1458038
WP4204	Tumor suppressor activity of SMARCB1	rs2282978, rs4724100, rs445, rs10876993
WP1530	miRNA Regulation of DNA Damage Response	rs5742915, rs3218097, rs2244012, rs2282978, rs11968166, rs2234978, rs1321311, rs445, rs8102137, rs9642880, rs2069408, rs1547014, rs738722, rs11611647, rs730566, rs10876993, rs4238010, rs1801516
WP3958	GPR40 Pathway	rs6056209, rs999943, rs1869901, rs3765524, rs6118083, rs3781264, rs2274223, rs7595412, rs13398206
WP2029	Cell Differentiation - Index	rs1366594, rs744166
WP3931	ESC Pluripotency Pathways	rs227731, rs415430, rs17760296, rs12593813, rs2650000, rs10021303, rs7310409, rs4338740, rs4444235, rs1859156, rs4132509, rs17036350, rs16826658, rs12431733, rs735396, rs3805236, rs744166, rs2074404, rs7349332, rs4944092, rs152528, rs11979158, rs7305618, rs3736228, rs2981579, rs7677751, rs1219648, rs2121875, rs2283792, rs4601609, rs975121, rs2241423, rs17369571, rs2114039, rs4939827, rs1458038
WP3676	BDNF-TrkB Signaling	rs6265, rs17036350, rs7713917, rs3805236, rs2283792, rs180515
WP3924	Hfe effect on hepcidin production	rs1800562, rs855791, rs4939827, rs4820268, rs12198986
WP3635	Insulin signalling in human adipocytes (diabetic condition)	rs548097, rs2943641, rs17036350, rs891088, rs2115386, rs180515, rs7578326
WP3934	Leptin and adiponectin	rs12753193, rs1648707, rs1892534, rs266717, rs12230440
WP3644	NAD+ metabolism	rs3219090
WP2637	Structural Pathway of Interleukin 1 (IL-1)	rs7626795, rs9290936, rs2413583, rs968451, rs2283792, rs889312, rs7665090, rs9642880, rs16886165, rs7209435, rs8016947
WP3845	Canonical  and Non-canonical Notch signaling	rs9296015, rs404860, rs3131296, rs956237, rs443198, rs2273061
WP2878	PPAR Alpha Pathway	rs7120118, rs7374394, rs6065904, rs11666579, rs12272004, rs9642880, rs10876993
WP383	Striated Muscle Contraction	rs909116, rs12476289, rs1926203, rs365990
WP699	Aflatoxin B1 metabolism	rs2472304
WP3942	PPAR signaling pathway	rs12272004, rs7120118, rs11666579, rs13236689, rs1535, rs285480, rs1648707, rs7374394, rs2286963, rs6065904, rs10800098, rs266717, rs174570, rs10096633, rs12678919, rs2083637
WP716	Vitamin A and Carotenoid Metabolism	rs11057830, rs1529672, rs13236689, rs2250417, rs1435703, rs2068888, rs2283792, rs6756629, rs285480, rs6544713, rs10800098, rs4765623, rs10096633, rs12678919, rs4299376, rs2083637
WP1539	Angiogenesis	rs4789939, rs1219648, rs2981579, rs7677751, rs2114039, rs17086609, rs9472138, rs2283792
WP3930	EDA Signalling in Hair Follicle Development	rs4844096, rs415430, rs1733724, rs2074404, rs5936487
WP521	Amino acid conjugation of benzoic acid	
WP3851	TLR4 Signaling and Tolerance	rs10133111, rs2413583, rs7665090, rs968451, rs8016947
WP2190	One carbon donor	rs1801133, rs17367504
WP2911	miRNA targets in ECM and membrane receptors	rs2269426, rs1150754, rs7044529, rs7319311, rs3742207, rs12198173, rs1551943, rs185819, rs441051
WP2876	Pregnane X Receptor pathway	rs4148546, rs12767583, rs2185570, rs2755237, rs887829, rs1926657, rs6742078, rs4148441, rs2229741, rs4149081, rs10509680, rs4086116, rs4363657, rs1057910
WP3925	Amino Acid metabolism	rs560887, rs3027409, rs1789924, rs6586282, rs7122539, rs2807278, rs10513789, rs2896526, rs7374394, rs1402837, rs991316, rs1789891
WP2643	Nanoparticle-mediated activation of receptor signaling	rs4132509, rs1551943, rs11979158, rs2283792
WP3879	4-hydroxytamoxifen, Dexamethasone, and Retinoic Acids Regulation of p27 Expression	rs17036350, rs2283792
WP1528	Physiological and Pathological Hypertrophy  of the Heart	rs10495928, rs4601609, rs1950500, rs2659546, rs815815, rs2283792, rs744166
WP2805	RNA interference	
WP2855	Dopaminergic Neurogenesis	rs867559, rs744166
WP3865	RIG-I-like Receptor Signaling	rs10133111, rs8016947, rs4815617, rs889312, rs7665090, rs1746048, rs1990760, rs16886165
WP3670	Simplified Interaction Map Between LOXL4 and Oxidative Stress Pathway	rs4338740, rs967417
WP311	Synthesis and Degradation of Ketone Bodies	
WP3946	White fat cell differentiation	rs7111341, rs7120118, rs224278, rs11868035, rs809736, rs340029, rs501764, rs2755237, rs339969, rs1033180, rs4857855, rs3743266, rs872071, rs12203592, rs11071559, rs3784609, rs6774494
WP1541	Energy Metabolism	rs32579, rs2153960, rs2659546, rs1366594, rs2755237, rs10491334, rs7805747, rs7795096, rs9480865
WP2533	Glycerophospholipid Biosynthetic Pathway	rs4129767, rs10460009
WP422	MAPK Cascade	rs4601609, rs889312, rs7209435, rs2283792, rs16886165
WP143	Fatty Acid Beta Oxidation	rs3825776, rs2286963, rs10096633, rs12678919, rs4775031, rs10468017, rs1532085, rs2083637
WP2816	Felbamate Metabolism	
WP322	Osteoblast Signaling	rs4355801, rs9594759, rs9594738, rs1054627, rs6469804, rs7677751, rs2114039, rs6993813
WP1600	Nicotine Metabolism	
WP2037	Prolactin Signaling Pathway	rs11107116, rs3780792, rs12344583, rs2070729, rs7578326, rs2283792, rs2943641, rs10758669, rs4601609, rs4795067, rs180515, rs17036350, rs1341239, rs7665090, rs9642880, rs744166, rs8016947
WP2866	mir34a and TGIF2 in osteoclastogenesis	
WP1434	Osteopontin Signaling	rs7665090, rs2283792
WP1946	Cori Cycle	rs7111341, rs2896526, rs7072268
WP3594	Circadian rythm related genes	rs5742915, rs7120118, rs710841, rs3858145, rs7916697, rs339969, rs944289, rs1648707, rs3923809, rs4979906, rs2166706, rs11868035, rs9296249, rs7713917, rs4430796, rs11214606, rs9806762, rs4601609, rs2229741, rs3743266, rs2234978, rs7501939, rs17716942, rs3018362, rs11071559, rs10423674, rs1387153, rs10999409, rs340874, rs12483205, rs2835810, rs8028182, rs266717, rs13074924, rs3796804, rs809736, rs340029, rs1447352, rs673604, rs9357271, rs2957128, rs7193343, rs6442925, rs10876993, rs3784609, rs4795067
WP524	G13 Signaling Pathway	rs815815, rs10411210, rs180515
WP4156	Biosynthesis and regeneration of tetrahydrobiopterin (BH4) and catabolism of phenylalanine, including diseases	
WP2943	Hypoxia-mediated EMT and Stemness	
WP3674	Tgif disruption of Shh signaling	rs2038256, rs944289, rs4724100
WP197	Cholesterol Biosynthesis	rs3846662, rs2645424
WP2035	Follicle Stimulating Hormone (FSH) signaling pathway	rs7591064, rs2755237, rs2283792, rs2305707, rs3889237, rs17036350, rs6265, rs2899472, rs2268363, rs180515
WP1591	Heart Development	rs1950500, rs967417, rs12431733, rs3825214, rs2121875, rs1366594, rs2283792, rs6442925, rs4444235, rs4975709, rs9472138
WP229	Irinotecan Pathway	rs1805081, rs2231142, rs887829, rs6742078, rs4149081, rs1481012, rs4148325, rs11892031, rs4363657
WP1601	Fluoropyrimidine Activity	rs4657482, rs4148546, rs2074955, rs470119, rs2231142, rs1926657, rs1801133, rs17367504, rs1481012, rs4148441
WP2272	Pathogenic Escherichia coli infection	rs3889237, rs9929218
WP3408	Evolocumab Mechanism	rs2228671, rs6511720, rs11206510, rs11668477
WP3944	Serotonin and anxiety-related events	rs9303521, rs393152, rs2659546, rs7595037, rs17035378, rs13074924
WP2873	Aryl Hydrocarbon Receptor Pathway	rs10045431, rs6441286, rs11979158, rs485499, rs17810546, rs2472304, rs2470893, rs887829, rs2546890, rs6742078, rs4601609, rs12188164, rs3213094
WP3972	PDGFR-beta pathway	rs167769, rs10758669, rs1059513, rs4601609, rs3889237, rs2032794, rs889312, rs744166, rs16886165
WP176	Folate Metabolism	rs11057830, rs2228671, rs4149268, rs2515629, rs11668477, rs6511720, rs2295639, rs6754295, rs12686004, rs5498, rs1801133, rs783147, rs484959, rs541041, rs12282742, rs11265260, rs3905000, rs7111341, rs673548, rs693, rs6586282, rs2575876, rs891088, rs2794520, rs10498514, rs3093030, rs1799969, rs2808630, rs17367504, rs4765623, rs7665090, rs12093699, rs2115386
WP3613	Photodynamic therapy-induced unfolded protein response	rs6051520
WP3933	Kennedy pathway from Sphingolipids	
WP2436	Dopamine metabolism	rs3027409, rs1847134, rs1042602, rs1393350
WP3927	BMP Signaling Pathway in Eyelid Development	rs11979158, rs2981579, rs1219648, rs2121875, rs4444235, rs4601609, rs889312, rs12431733, rs454305, rs16886165
WP2597	Secretion of Hydrochloric Acid in Parietal Cells	
WP1971	Integrated Cancer Pathway	rs9642880, rs744910, rs477895, rs2244012, rs1063192, rs1321311, rs3768716, rs17291650, rs6435862, rs2069408, rs1547014, rs738722, rs9803659, rs10876993, rs1801516
WP117	GPCRs, Other	rs4650608, rs646776, rs17691394, rs6842241, rs7591064, rs17864092, rs2268363, rs11971186
WP691	Tamoxifen metabolism	rs4148325, rs2472304, rs12767583, rs2470893, rs2185570, rs10509680, rs4086116, rs11892031, rs1057910
WP3655	Hypothetical Craniofacial Development Pathway	rs7610017, rs10937405, rs710521, rs10863790
WP3995	Prion disease pathway	rs243021, rs6107516, rs766432, rs2556378, rs1436109, rs1366594, rs16933812, rs12279261, rs2283792, rs1033180, rs2300603, rs7665090, rs12203592, rs872071, rs744166, rs6052699
WP4153	Degradation pathway of sphingolipids, including diseases	
WP528	Acetylcholine Synthesis	
WP3680	Association Between Physico-Chemical Features and Toxicity Associated Pathways	rs4601609, rs11979158, rs12658202, rs454305, rs9642880, rs1321311, rs2283792, rs4944092
WP22	IL-9 Signaling Pathway	rs2283792, rs744166
WP474	Endochondral Ossification	rs10903122, rs815815, rs1366594, rs6138150, rs606452, rs1464500, rs4724100, rs5742692, rs1522232, rs1004446, rs9472138, rs13188386, rs12198986, rs979233
WP2485	NAD Biosynthesis II (from tryptophan)	
WP179	Cell Cycle	rs10927875, rs744910, rs3218097, rs2282978, rs11968166, rs738722, rs1063192, rs1321311, rs445, rs8102137, rs9642880, rs2069408, rs1547014, rs2431697, rs11611647, rs10876993, rs4238010, rs1801516
WP129	Matrix Metalloproteinases	rs1555322, rs495366, rs4789939
WP254	Apoptosis	rs2103868, rs12203592, rs710521, rs10999409, rs12479254, rs8192917, rs10133111, rs1033180, rs5742692, rs210134, rs16886165, rs8016947, rs477895, rs210138, rs1004446, rs2070729, rs10863790, rs7610017, rs10937405, rs4728142, rs1800693, rs3761847, rs4601609, rs2234978, rs889312, rs7665090, rs9642880, rs872071
WP364	IL-6 signaling pathway	rs12720356, rs477895, rs2794520, rs2070729, rs4129267, rs2283792, rs280519, rs10758669, rs2808630, rs4537545, rs11265260, rs3805236, rs12093699, rs180515, rs744166
WP1584	Type II diabetes mellitus	rs5215, rs7578326, rs2283792, rs2943641, rs1648707, rs3753242, rs17036350, rs266717, rs5219, rs891088, rs2115386
WP2007	Iron metabolism in placenta	rs3811647, rs1049296, rs1867504, rs1799852, rs13180
WP2586	Aryl Hydrocarbon Receptor	rs12678919, rs13236689, rs2472304, rs6902771, rs2470893, rs12423712, rs543650, rs12188164, rs2069408, rs10096633, rs2083637, rs11979158, rs9472138, rs1999805, rs1321311, rs2283792, rs2229741, rs2504063, rs7665090, rs9642880
WP404	Nucleotide Metabolism	rs2307449
WP1438	Influenza A virus infection	
WP2289	Drug Induction of Bile Acid Pathway	rs4148546, rs4149081, rs16856332, rs4148441, rs1926657, rs4363657, rs552976
WP531	Mismatch repair	
WP3593	miR-148a/miR-31/FIH1/HIF1α-Notch signaling in glioblastoma	rs9472138
WP712	Estrogen signaling pathway	rs4601609, rs543650, rs2504063, rs6902771, rs7665090, rs1999805, rs2283792
WP516	Hypertrophy Model	rs712039, rs9472138, rs717615
WP3869	Cannabinoid receptor signaling	rs13224682, rs12767583, rs7798500, rs2185570, rs2470893, rs2283792, rs10509680, rs4086116, rs1057910
WP1995	Effects of Nitric Oxide	rs4795067
WP2011	SREBF and miR33 in cholesterol and lipid homeostasis	rs2228671, rs4149268, rs2515629, rs7120118, rs11868035, rs2575876, rs11668477, rs6511720, rs12686004, rs17036350, rs3846662, rs3905000
WP2406	Cardiac Progenitor Differentiation	rs227731, rs882300, rs365990, rs17760296, rs314277, rs1366594, rs1733724, rs4444235, rs9298506, rs3922844, rs5742692, rs314268, rs12431733, rs7111341, rs2439312, rs7677751, rs3825214, rs1436109, rs3130501, rs12053903, rs12279261, rs4975709, rs1504749, rs7789197, rs2114039, rs1004446, rs10958409
WP3981	miRNA regulation of prostate cancer signaling pathways	rs6625163, rs477895, rs2755237, rs1321311, rs2283792, rs1372072, rs17036350, rs4132509, rs2735839, rs7665090, rs5031002, rs5919432, rs8016947
WP2795	Cardiac Hypertrophic Response	rs2439312, rs2659546, rs12593813, rs2981579, rs1219648, rs815815, rs2283792, rs1800693, rs3889237, rs2241423, rs5742692, rs7922491, rs17036350, rs889312, rs7665090, rs11984041, rs16886165
WP581	EPO Receptor Signaling	rs2032794, rs10758669, rs2283792, rs7578326, rs744166, rs2943641
WP3302	eIF5A regulation in response to inhibition of the nuclear export system	rs9674544
WP2359	Parkin-Ubiquitin Proteasomal System pathway	rs831571, rs11931074, rs8102137, rs4821112, rs356220, rs2736990, rs5754217
WP325	Triacylglyceride Synthesis	rs10468017, rs3825776, rs1532085, rs10096633, rs12678919, rs4775031, rs7435, rs2083637
WP12	Osteoclast Signaling	rs4355801, rs7253363, rs9594759, rs9594738, rs6469804, rs3018362, rs2957128, rs6993813
WP24	Peptide GPCRs	rs12970134, rs882300, rs6842241, rs7591064, rs13405728, rs572169, rs571312, rs12101261, rs10871777, rs3093023, rs2268363, rs3093024, rs630923, rs4785763, rs8017455, rs13314993, rs154659, rs17111394, rs1403543, rs6421571
WP1433	Nucleotide-binding Oligomerization Domain (NOD) pathway	rs10781500, rs40457, rs4077515, rs1539019, rs5743289, rs2076756, rs9302752, rs8016947
WP138	Androgen receptor signaling pathway	rs2735839, rs744910, rs11979158, rs1250550, rs6625163, rs11593576, rs3807989, rs2755237, rs704010, rs12423712, rs1321311, rs4601609, rs8102137, rs8028182, rs1250552, rs5031002, rs5919432, rs744166
WP2826	Cocaine metabolism	
WP3645	NAD+ biosynthetic pathways	rs3219090, rs4698412, rs4538475
WP4249	Hedgehog Signaling Pathway	rs735172, rs6854783, rs1828591, rs1812175, rs830998, rs2544390, rs11241713, rs4724100, rs11611647, rs4238010, rs13118928
WP4146	Macrophage markers	rs7136716, rs9282641
WP2525	Trans-sulfuration and one carbon metabolism	rs6586282, rs10498514, rs17367504, rs477992, rs11754661, rs2295639, rs1801133
WP186	Homologous recombination	rs2244012, rs1801516
WP3996	Ethanol effects on histone modifications	rs1789924, rs17367504, rs11984041, rs1801133, rs1789891
WP2332	Interleukin-11 Signaling Pathway	rs1126757, rs12720356, rs3093030, rs5498, rs10758669, rs2283792, rs280519, rs1799969, rs17291650, rs1054627, rs180515, rs744166
WP2877	Vitamin D Receptor Pathway	rs10137082, rs9271366, rs6441286, rs485499, rs17810546, rs2650000, rs2755237, rs2248359, rs4355801, rs6586282, rs7305618, rs11150610, rs31489, rs2327832, rs2230926, rs2205960, rs391525, rs872071, rs12203592, rs7077164, rs13192471, rs6074022, rs1063192, rs9275698, rs2069408, rs4086116, rs1227756, rs7754840, rs231735, rs12198986, rs1057910, rs9594759, rs6908425, rs12924729, rs2206734, rs402710, rs8035957, rs10509680, rs6691170, rs401681, rs7765379, rs11642873, rs2470893, rs7310409, rs10074258, rs1033180, rs1109670, rs735396, rs2903692, rs305061, rs2185570, rs4728142, rs1024161, rs2229741, rs8102137, rs4975616, rs6469804, rs610604, rs4613763, rs710446, rs9275572, rs6068020, rs2681472, rs45430, rs4789939, rs4712523, rs2858331, rs2681492, rs9594738, rs3736228, rs1321311, rs9888739, rs660895, rs6687758, rs7756992, rs9642880, rs6993813, rs1420101
WP395	IL-4 Signaling Pathway	rs12720356, rs1801275, rs477895, rs167769, rs501764, rs7578326, rs17581368, rs2283792, rs2943641, rs280519, rs10758669, rs1059513, rs180515, rs7665090, rs744166, rs8016947
WP286	IL-3 Signaling Pathway	rs477895, rs2075726, rs10758669, rs2283792, rs9282641, rs290986, rs4601609, rs4763879, rs744166
WP727	Monoamine Transport	rs4355801, rs10121009, rs6469804, rs9990174, rs6993813
WP2596	Gastric acid production	
WP247	Small Ligand GPCRs	rs4613763, rs4650608, rs1447352, rs1387153, rs2166706
WP1423	Ganglio Sphingolipid Metabolism	rs2216228
WP4263	Pancreatic adenocarcinoma pathway	rs210134, rs744910, rs11979158, rs477895, rs210138, rs2084385, rs2282978, rs4132509, rs2283792, rs1321311, rs445, rs17036350, rs454305, rs7665090, rs9472138, rs10876993, rs180515, rs744166
WP4174	Metabolism of Tetrahydrocannabinol (THC)	rs10509680, rs2185570, rs4086116, rs1057910
WP4262	Breast cancer pathway	rs956237, rs6902771, rs2244012, rs7903146, rs543650, rs443198, rs4132509, rs17036350, rs16826658, rs7901695, rs180515, rs4944092, rs9296015, rs152528, rs2121875, rs2283792, rs8023445, rs4601609, rs3131296, rs445, rs210138, rs415430, rs404860, rs4338740, rs3219090, rs5742692, rs210134, rs2074404, rs7349332, rs9594759, rs11979158, rs9594738, rs3736228, rs2282978, rs1999805, rs1321311, rs17369571, rs2504063, rs9642880, rs1458038, rs10876993, rs1801516
WP4191	Caloric restriction and aging	rs17036350, rs5742692
WP4194	Hormonal control of Pubertal Growth Spurt	
WP4205	MET in type 1 papillary renal cell carcinoma	rs2084385, rs477895, rs1321311, rs2283792, rs10243024, rs11221332, rs4601609, rs6590330, rs4132509, rs3805236, rs744166
WP4210	Tryptophan catabolism leading to NAD+ production	
WP4216	Chromosomal and microsatellite instability in colorectal cancer	rs744910, rs956237, rs6918152, rs13017599, rs7903146, rs12210050, rs13031237, rs4132509, rs210134, rs7901695, rs768048, rs477895, rs7504990, rs702873, rs1321311, rs2283792, rs4601609, rs1432295, rs210138, rs9642880
WP3965	Lipid Metabolism Pathway	rs7805747, rs7795096, rs13224682, rs4132509, rs7798500
WP4223	Ras Signaling	rs4764043, rs6001027, rs4767631, rs815815, rs2160519, rs3781264, rs4132509, rs2284063, rs477895, rs2981579, rs1219648, rs702873, rs2283792, rs8023445, rs10243024, rs11221332, rs2114039, rs2115386, rs4764039, rs6918152, rs13017599, rs2084385, rs12210050, rs6590330, rs2274223, rs13031237, rs10444502, rs11065987, rs3805236, rs291353, rs10499559, rs11979158, rs891088, rs7677751, rs17086609, rs8035957, rs3765524, rs2285714, rs738322, rs3743200, rs3889237, rs2306374, rs2032794, rs1432295, rs7665090, rs4651156, rs892055
WP4224	Purine metabolism	rs10831496
WP4233	Acrylamide Biotransformation and Exposure Biomarkers	
WP4241	Type 2 papillary renal cell carcinoma	rs7579899, rs2842643, rs673604, rs454305, rs13078807, rs9472138, rs1321311
WP4284	Ultraconserved region 339 modulation of tumor suppressor microRNAs in cancer	
WP615	Senescence and Autophagy in Cancer	rs2241880, rs744910, rs1772408, rs5742692, rs4537545, rs17036350, rs7111341, rs1776897, rs3792109, rs967417, rs2070729, rs2006996, rs4728142, rs2283792, rs1321311, rs4601609, rs4129267, rs7789197, rs6478109, rs7742369, rs6478108
WP2868	TCA Cycle Nutrient Utilization and Invasiveness of Ovarian Cancer	rs2283792, rs11979158, rs744166
WP4155	Endometrial cancer	rs2153960, rs11979158, rs152528, rs956237, rs477895, rs2981579, rs1219648, rs7903146, rs7901695, rs11695685, rs1321311, rs2283792, rs9929218, rs9480865, rs4132509, rs210134, rs210138, rs9642880
WP1544	MicroRNAs in cardiomyocyte hypertrophy	rs2413583, rs1950500, rs12593813, rs815815, rs1869901, rs5742692, rs7922491, rs17036350, rs11984041, rs744166, rs2439312, rs3736228, rs2659546, rs2981579, rs1219648, rs968451, rs2283792, rs2241423, rs7665090
WP45	G1 to S cell cycle control	rs2277339, rs3218097, rs2282978, rs11968166, rs1063192, rs1321311, rs445, rs8102137, rs9642880, rs2069408, rs11611647, rs10876993, rs4238010, rs1801516
WP661	Glucose Homeostasis	rs7111341
WP1403	AMP-activated Protein Kinase (AMPK) Signaling	rs32579, rs6056209, rs3764640, rs7805747, rs758642, rs1648707, rs7795096, rs12753193, rs266717, rs3846662, rs1800961, rs17036350, rs180515, rs11868035, rs12230440, rs4812829, rs1321311, rs6118083, rs1892534, rs891088, rs2115386
WP2583	T-Cell Receptor and Co-stimulatory Signaling	rs2659546, rs815815, rs6547705, rs8035957, rs1024161, rs12483205, rs3889237, rs2835810, rs2032794, rs7665090, rs231735, rs8016947
WP1471	Target Of Rapamycin (TOR) Signaling	rs7805747, rs3889237, rs7795096, rs17036350, rs3846662, rs180515
WP2261	Signaling Pathways in Glioblastoma	rs2153960, rs1801516, rs12593813, rs2755237, rs1063192, rs7578326, rs3753242, rs12143943, rs4132509, rs2069408, rs11611647, rs3805236, rs4238010, rs11979158, rs2981579, rs7677751, rs2282978, rs1219648, rs1321311, rs2283792, rs2943641, rs10243024, rs3889237, rs534870, rs2241423, rs8102137, rs9480865, rs445, rs2114039, rs10876993, rs9574565
WP183	Proteasome Degradation	rs3129055, rs831571, rs2523608, rs2523809, rs9468925, rs4713693, rs2247056, rs16912145, rs10484554, rs6031882, rs13437082, rs2860580, rs9264942, rs9357155
WP453	Inflammatory Response Pathway	rs12251307, rs1801275, rs525410, rs706779, rs2158836, rs2104286, rs6074022, rs2284033, rs7911500, rs3118470, rs1800693, rs4143832, rs9282641, rs441051, rs7090512, rs4925386
WP334	GPCRs, Class B Secretin-like	rs11671664, rs9303521, rs393152
WP408	Oxidative Stress	rs3027409, rs7665090, rs2470893
WP2854	Gene regulatory network modelling somitogenesis	rs10932886
WP558	Complement and Coagulation Cascades	rs10033900, rs2731672, rs7586970, rs710446, rs6701713, rs3818361, rs6677604, rs783147, rs1329428, rs569214, rs6056, rs12034383
WP2197	Endothelin Pathways	rs11880198, rs6056209, rs6842241, rs815815, rs2782980, rs2283792, rs11065611, rs3889237, rs6118083, rs82625
WP43	Oxidation by Cytochrome P450	rs12772169, rs2472304, rs12767583, rs11888559, rs2185570, rs2470893, rs2068888, rs17115100, rs2248359, rs2305707, rs2899472, rs10509680, rs2108622, rs4086116, rs1057910
WP2636	Common Pathways Underlying Drug Addiction	rs10491334, rs3889237, rs10831496, rs263238, rs12658202, rs11214606, rs815815, rs2283792
WP170	Nuclear Receptors	rs7120118, rs9310736, rs6902771, rs1435703, rs339969, rs285480, rs543650, rs10800098, rs1800961, rs1529672, rs809736, rs340029, rs6625163, rs4812829, rs5919432, rs1999805, rs3790844, rs2504063, rs3743266, rs5031002, rs3784609, rs11071559
WP400	p38 MAPK Signaling Pathway	rs7158173, rs3743200, rs889312, rs9642880, rs16886165
WP3938	miR-222 in Exercise-Induced Cardiac Growth	
WP231	TNF alpha Signaling Pathway	rs610604, rs2413583, rs4767631, rs13017599, rs3753242, rs13031237, rs10444502, rs7209435, rs16886165, rs8016947, rs477895, rs968451, rs702873, rs2283792, rs1800693, rs2327832, rs2230926, rs3761847, rs4601609, rs1432295, rs889312, rs7665090
WP1772	Apoptosis Modulation and Signaling	rs2310173, rs12479254, rs4355801, rs10133111, rs1600249, rs210134, rs8016947, rs13278062, rs742134, rs2736340, rs477895, rs2234962, rs7665090, rs1800693, rs4601609, rs6469804, rs2234978, rs210138, rs7812879, rs6993813
WP2895	Differentiation of white and brown adipocyte	rs4444235, rs32579, rs1648707, rs2651899, rs967417, rs266717, rs12431733, rs1841770
WP2018	RANKL/RANK (Receptor activator of NFKB (ligand)) Signaling Pathway	rs3018362, rs2413583, rs5498, rs4355801, rs10133111, rs7253363, rs7647307, rs17036350, rs8016947, rs9594759, rs9594738, rs3093030, rs968451, rs2957128, rs2283792, rs1799969, rs290986, rs4601609, rs3761847, rs6469804, rs7665090, rs6993813
WP428	Wnt Signaling Pathway	rs6056209, rs1950500, rs956237, rs1127065, rs1869901, rs7903146, rs1733724, rs9298506, rs16826658, rs11611647, rs7901695, rs2074404, rs4238010, rs7349332, rs4944092, rs3218097, rs3736228, rs2659546, rs11968166, rs1513670, rs2395730, rs6118083, rs3889237, rs4962416, rs4601609, rs1504749, rs415430, rs9642880, rs153734, rs10958409
WP2542	Sulindac Metabolic Pathway	rs10506525, rs7017212, rs2472304, rs11775334
WP314	Fas Ligand (FasL) pathway and Stress induction of Heat Shock Proteins (HSP) regulation	rs3219090, rs4601609, rs40457, rs3827730, rs2084385, rs2234978, rs889312, rs16886165
WP47	Hedgehog Signaling Pathway	rs4724100, rs8028182
WP2646	Lidocaine metabolism	rs2472304
WP2446	Retinoblastoma (RB) in Cancer	rs2277339, rs3218097, rs2282978, rs11968166, rs1321311, rs3768716, rs837763, rs690705, rs3827730, rs8102137, rs6435862, rs2069408, rs8028182, rs445, rs9642880, rs10876993, rs11618202
WP554	ACE Inhibitor Pathway	rs4329, rs1490453, rs4343, rs710446, rs1403543
WP3651	Pathways Affected in Adenoid Cystic Carcinoma	rs7158173, rs2153960, rs2893923, rs6009824, rs7923609, rs7089424, rs9480865, rs1547014, rs738722, rs9642880, rs1801516
WP2032	Human Thyroid Stimulating Hormone (TSH) signaling pathway	rs6056209, rs10052657, rs10758669, rs798497, rs12101261, rs798544, rs2069408, rs17036350, rs1823068, rs180515, rs744166, rs1588265, rs702543, rs1182188, rs3218097, rs8017455, rs11968166, rs17111394, rs2283792, rs4601609, rs6118083, rs8102137, rs9642880, rs10876993
WP3874	Canonical and Non-Canonical TGF-B signaling	rs744910, rs893817
WP2864	Apoptosis-related network due to altered Notch3 in ovarian cancer	rs2103868, rs2439312, rs7665090, rs2084385, rs3194051, rs6897932, rs1321311, rs2283792, rs11221332, rs3761847, rs40457, rs6590330, rs4939827, rs180515, rs860413
WP2942	DDX1 as a regulatory component of the Drosha microprocessor	rs2244012, rs1801516
WP2380	Brain-Derived Neurotrophic Factor (BDNF) signaling pathway	rs4764043, rs12593813, rs242557, rs8043440, rs1366594, rs7578326, rs8070723, rs12658202, rs2160519, rs10758669, rs10748128, rs183211, rs17036350, rs13088462, rs180515, rs16886165, rs744166, rs477895, rs12344583, rs1436109, rs2283792, rs8023445, rs9806762, rs7587928, rs4601609, rs9480865, rs6265, rs199533, rs889312, rs10423674, rs2153960, rs1950500, rs224278, rs3780792, rs4764039, rs2298574, rs10491334, rs9674544, rs8016947, rs967417, rs9652490, rs12279261, rs2943641, rs3743200, rs2241423, rs7665090
WP4217	Ebola Virus Pathway on Host	rs9271366, rs17174870, rs987870, rs7025486, rs7775228, rs9277535, rs2523809, rs4713693, rs1551943, rs2301271, rs3077, rs12621278, rs6457617, rs6673480, rs7453920, rs2856718, rs3129055, rs3129890, rs2523608, rs9468925, rs2247056, rs12344583, rs702873, rs3135363, rs2283792, rs13437082, rs9357152, rs2860580, rs2647012, rs10484561, rs13192471, rs1805081, rs3780792, rs13017599, rs3807989, rs9275572, rs9500927, rs9275698, rs13031237, rs2268983, rs3135338, rs2647044, rs3129882, rs2858331, rs3750965, rs7774434, rs11979158, rs6903608, rs660895, rs10484554, rs11984145, rs1432295, rs7665090, rs9264942, rs7765379
WP3937	Microglia Pathogen Phagocytosis Pathway	rs290986, rs3780792, rs11150610, rs12344583, rs4821544, rs9888739
WP3601	Composition of Lipid Particles	rs2228671, rs673548, rs693, rs11668477, rs6511720, rs12708980, rs6754295, rs7499892, rs1864163, rs541041, rs1532624, rs1800775, rs3764261, rs10096633, rs12678919, rs9989419, rs2083637
WP4150	Wnt Signaling in Kidney Disease	rs7349332, rs3736228, rs16826658, rs415430, rs2074404, rs4944092
WP3963	Mevalonate pathway	rs3846662
WP4148	Splicing factor NOVA regulated synaptic proteins	rs4764043, rs10510181, rs4764039, rs2160519, rs2298574, rs2681472, rs10494067, rs10074258, rs3753242, rs4979906, rs2681492, rs12207601, rs1474747, rs10489849, rs6764363, rs7769153, rs10994397, rs10761482, rs4948418
WP550	Biogenic Amine Synthesis	rs3027409
WP3614	Photodynamic therapy-induced HIF-1 survival signaling	rs2896526, rs210134, rs210138, rs9472138, rs7072268, rs454305, rs4795067
WP3612	Photodynamic therapy-induced NFE2L2 (NRF2) survival signaling	rs4601609, rs4148546, rs1481012, rs4148441, rs2231142, rs1926657
WP530	Cytokines and Inflammatory Response	rs10045431, rs9271366, rs3129890, rs13192471, rs6903608, rs3024505, rs2546890, rs3135363, rs20541, rs484959, rs4143832, rs7765379, rs660895, rs1295686, rs3135338, rs3129882, rs3213094, rs1126757
WP3668	Hypothesized Pathways in Pathogenesis of Cardiovascular Disease	rs27855, rs744910, rs7865146, rs374748, rs2283792
WP673	ErbB Signaling Pathway	rs1127065, rs2084385, rs2755237, rs17036350, rs4132509, rs3805236, rs180515, rs11979158, rs2439312, rs477895, rs1321311, rs2283792, rs8023445, rs3889237, rs4601609, rs454305, rs9642880, rs1350666, rs1484170
WP206	Fatty Acid Omega Oxidation	rs1789924, rs2472304, rs2470893, rs991316, rs1789891
WP3932	Focal Adhesion-PI3K-Akt-mTOR-signaling pathway	rs3914132, rs706779, rs2755237, rs10758669, rs2284033, rs3764640, rs185819, rs1983853, rs12621278, rs17157903, rs180515, rs7111341, rs7579899, rs7341475, rs477895, rs2981579, rs4129267, rs9480865, rs860413, rs2967605, rs3782181, rs3194051, rs2158836, rs7319311, rs4338740, rs197770, rs7090512, rs2275215, rs1801275, rs11979158, rs7677751, rs17086609, rs2943641, rs4925386, rs11574637, rs441051, rs1341239, rs891088, rs7077361, rs12198173, rs7578326, rs10074258, rs1054627, rs17036350, rs4132509, rs13188386, rs11868035, rs152528, rs525410, rs2104286, rs1219648, rs1864982, rs3742207, rs7044529, rs2121875, rs2283792, rs2237349, rs10243024, rs4298437, rs10895547, rs975121, rs2114039, rs2115386, rs979233, rs2153960, rs6897932, rs995030, rs484959, rs5742692, rs4537545, rs12821256, rs291353, rs2269426, rs12251307, rs7158782, rs1150754, rs11158493, rs1321311, rs7911500, rs3118470, rs17369571, rs9472138, rs10874639, rs4795067
WP363	Wnt Signaling Pathway	rs1260326, rs7901695, rs956237, rs3736228, rs2282978, rs7903146, rs780092, rs2283792, rs780094, rs3889237, rs445, rs17036350, rs9960767, rs9642880, rs613872, rs11154022
WP2023	Cell Differentiation - Index expanded	rs1366594, rs744166
WP69	T-Cell antigen Receptor (TCR)  Signaling Pathway	rs13017599, rs7238078, rs1033180, rs13031237, rs8016947, rs2234978, rs501764, rs702873, rs2084881, rs2283792, rs1432295, rs4675374, rs864537, rs40457, rs2056626, rs4601609, rs3184504, rs7665090, rs12203592, rs872071
WP3940	One carbon metabolism and related pathways	rs1801133, rs2502731, rs37369, rs17367504
WP3888	VEGFA-VEGFR2 Signaling Pathway	rs1574192, rs12198173, rs1378942, rs2217332, rs4821469, rs735854, rs2755237, rs1733724, rs185819, rs425105, rs1366594, rs10748128, rs17036350, rs6056, rs2273061, rs443198, rs6673480, rs180515, rs7873102, rs744166, rs9296015, rs12989701, rs12344583, rs2283792, rs11221332, rs4601609, rs3131296, rs9480865, rs2234978, rs11154022, rs2153960, rs404860, rs3780792, rs7561528, rs2084385, rs3807989, rs5498, rs10495928, rs3753242, rs1059513, rs744373, rs6590330, rs7922491, rs11984041, rs3805236, rs8016947, rs2269426, rs11083846, rs3750965, rs2659546, rs12540874, rs167769, rs1150754, rs17086609, rs3093030, rs1799969, rs3889237, rs3827730, rs3758354, rs7665090, rs9472138
WP4258	LncRNA involvement in canonical Wnt signaling and colorectal cancer	rs956237, rs7903146, rs1733724, rs9298506, rs16826658, rs11611647, rs7901695, rs2074404, rs4238010, rs7349332, rs4944092, rs3218097, rs3736228, rs2282978, rs11968166, rs1513670, rs4601609, rs4962416, rs445, rs1504749, rs415430, rs9642880, rs10958409
WP4172	PI3K-Akt Signaling Pathway	rs3914132, rs706779, rs10758669, rs2284033, rs3764640, rs185819, rs1983853, rs12621278, rs17157903, rs180515, rs7111341, rs7341475, rs477895, rs2981579, rs6699417, rs290986, rs4129267, rs6265, rs9480865, rs860413, rs3782181, rs3194051, rs2158836, rs7319311, rs4338740, rs197770, rs7090512, rs2069408, rs11611647, rs2275215, rs1801275, rs11979158, rs7677751, rs2282978, rs17086609, rs2943641, rs3889237, rs4925386, rs441051, rs1341239, rs7665090, rs891088, rs10876993, rs560887, rs7077361, rs12198173, rs7578326, rs1551943, rs10074258, rs1054627, rs9642880, rs17036350, rs1402837, rs4132509, rs13188386, rs4238010, rs152528, rs525410, rs3218097, rs2104286, rs11968166, rs1864982, rs3742207, rs1219648, rs2121875, rs2283792, rs2237349, rs10243024, rs4298437, rs10895547, rs975121, rs445, rs8102137, rs454305, rs1004446, rs2114039, rs2115386, rs979233, rs2153960, rs6897932, rs995030, rs484959, rs5742692, rs4537545, rs12821256, rs291353, rs2269426, rs12251307, rs7158782, rs1150754, rs11158493, rs1321311, rs7911500, rs3118470, rs17369571, rs9472138, rs1458038
WP4255	Non-small cell lung cancer	rs2153960, rs6791644, rs1435703, rs285480, rs10800098, rs4132509, rs210134, rs744166, rs1529672, rs11979158, rs477895, rs2282978, rs1321311, rs2283792, rs10510829, rs10510837, rs3889237, rs445, rs9480865, rs454305, rs210138, rs10876993
WP4186	Somatroph axis (GH) and its relationship to dietary restriction and aging	rs17036350, rs2755237
WP4136	Fibrin Complement Receptor 3 Signaling Pathway	rs10045431, rs11150610, rs2546890, rs9888739, rs783147, rs290986, rs7665090, rs3213094, rs4795067
WP4197	The human immune response to tuberculosis	rs12720356, rs1893217, rs9357155, rs2070729, rs2066808, rs10758669, rs280519
WP4206	Hereditary leiomyomatosis and renal cell carcinoma pathway	rs2896526, rs9472138
WP4211	Transcriptional cascade regulating adipogenesis	rs501764, rs11868035, rs4857855, rs224278
WP4220	Neurotransmitter Disorders	rs3027409
WP4222	Phosphodiesterases in neuronal function	rs4764043, rs1588265, rs702543, rs4764039, rs263238, rs947583, rs10841496, rs1348582, rs1823068, rs11214606, rs12658202, rs2160519, rs10052657, rs11611208, rs2601828, rs2877716, rs12418204, rs10493389
WP4225	Pyrimidine metabolism	rs470119
WP4228	Vitamin B6-dependent and responsive disorders	
WP4239	EMT in colorectal cancer	rs744910, rs404860, rs2039485, rs7319311, rs2298574, rs7142881, rs340874, rs443198, rs4132509, rs2273061, rs16826658, rs9502893, rs2074404, rs4944092, rs7349332, rs9296015, rs3736228, rs3742207, rs2283792, rs9929218, rs3131296, rs415430
WP4240	Regulation of sister chromatid separation at the metaphase-anaphase transition	rs2431697, rs1493682
WP4400	FABP4 in ovarian cancer	
WP2813	Mammary gland development pathway - Embryonic development (Stage 1 of 4)	rs1484170, rs12621278, rs2736100, rs9642880, rs2853676, rs9929218
WP4399	MicroRNA network associated with chronic lymphocytic leukemia	
WP4397	Model for regulation of MSMP expression in cancer cells and its proangiogenic role in ovarian tumors	
WP4329	miRNAs involvement in the immune response in sepsis	rs2413583, rs13017599, rs3093030, rs968451, rs5498, rs13031237, rs702873, rs3024505, rs2070729, rs10133111, rs1799969, rs4728142, rs8192917, rs1432295, rs7665090, rs8016947
WP2882	Nuclear Receptors Meta-Pathway	rs13129697, rs7120118, rs6441286, rs2472304, rs485499, rs17810546, rs6902771, rs4601609, rs2470893, rs2755237, rs6544713, rs17763373, rs6742078, rs5751901, rs543650, rs300489, rs1994090, rs9990174, rs3213094, rs744166, rs4363657, rs10045431, rs11868035, rs737267, rs6686643, rs4148546, rs12767583, rs2185570, rs3130501, rs2546890, rs1926657, rs733175, rs6756629, rs2327832, rs2230926, rs6065904, rs3775948, rs2229741, rs7374394, rs454305, rs4670766, rs4149081, rs4299376, rs10493389, rs610604, rs11666579, rs1324015, rs10774021, rs10876993, rs4148441, rs6834555, rs8066857, rs16856332, rs12188164, rs4086116, rs3744064, rs12272004, rs1126757, rs1057910, rs552976, rs13107325, rs16890979, rs11979158, rs2439312, rs9036, rs1999805, rs887829, rs6442925, rs2711721, rs2504063, rs10509680, rs2070600, rs10829156, rs9642880, rs991316, rs359457
WP2817	Mammary gland development pathway - Pregnancy and lactation (Stage 3 of 4)	rs9594759, rs11979158, rs9594738, rs6902771, rs3807989, rs1999805, rs2957128, rs10758669, rs543650, rs2504063, rs1341239, rs3018362, rs9642880
WP3299	let-7 inhibition of ES cell reprogramming	rs3130501, rs9642880
WP4269	Ethanol metabolism resulting in production of ROS by CYP2E1	
WP3666	Metabolism of Dichloroethylene by CYP450	
WP3591	Sleep regulation	rs9357271, rs3923809, rs1447352, rs9296249, rs13074924, rs1387153, rs11214606, rs2166706
WP4331	Neovascularisation processes	rs882300, rs2273061, rs2283792, rs744910
WP4479	Supression of HMGB1 mediated inflammation by THBD	rs2070600, rs7665090, rs8016947, rs11618202
WP4337	ncRNAs involved in STAT3 signaling in hepatocellular carcinoma	rs4129267, rs1126757, rs9466056, rs4537545, rs7665090, rs10758669, rs744166
WP2815	Mammary gland development pathway - Involution (Stage 4 of 4)	rs9642880, rs744166, rs9929218
WP2640	Aripiprazole Metabolic Pathway	
WP4336	ncRNAs involved in Wnt signaling in hepatocellular carcinoma	rs956237, rs7903146, rs1733724, rs9298506, rs16826658, rs11611647, rs7901695, rs2074404, rs4238010, rs7349332, rs4944092, rs3218097, rs3736228, rs11968166, rs1513670, rs4601609, rs4962416, rs1504749, rs415430, rs9642880, rs10958409
WP4341	Non-genomic actions of 1,25 dihydroxyvitamin D3	rs12720356, rs6056209, rs1127065, rs2076756, rs1869901, rs6074022, rs2248359, rs3807989, rs9302752, rs280519, rs285480, rs10495928, rs3753242, rs3781264, rs6590330, rs2274223, rs10800098, rs2066808, rs3765524, rs2283792, rs1800693, rs11221332, rs4601609, rs3889237, rs6118083, rs5743289, rs7665090
WP2814	Mammary gland development pathway - Puberty (Stage 2 of 4)	rs9642880, rs543650, rs2229741, rs2504063, rs6902771, rs1999805
WP4342	Vitamins A and D - action mechanisms	
WP1495	Glycine Metabolism	rs1801133, rs17367504
WP4493	Cells and Molecules involved in local acute inflammatory response	rs1799969, rs1569476, rs710446, rs3093030, rs5498, rs6136
WP4352	Ciliary landscape	rs987237, rs548097, rs6586282, rs6918152, rs815815, rs17124581, rs16991615, rs4906172, rs3739070, rs11739663, rs236114, rs12210050, rs4962416, rs6545977, rs7665090, rs10488172
WP4300	Extracellular vesicles in the crosstalk of cardiac cells	rs11979158, rs5742692, rs17021918, rs12500426, rs744166
WP4299	Lamin A-processing pathway	
WP4301	Inhibition of exosome biogenesis and secretion by Manumycin A in CRPC cells	rs2306374, rs2283792
WP4292	Methionine metabolism leading to Sulphur Amino Acids and related disorders	rs6586282, rs7924176
WP4189	Mevalonate arm of cholesterol biosynthesis pathway with inhibitors	rs3846662
WP4321	Thermogenesis	rs710841, rs263238, rs2237349, rs7805747, rs10748128, rs2651899, rs2601828, rs7795096, rs7922491, rs17036350, rs3796804, rs2877716, rs180515
WP4522	Metabolic pathway of LDL, HDL and TG, including diseases	rs2228671, rs4149268, rs2515629, rs11057830, rs11668477, rs6511720, rs6754295, rs12708980, rs12686004, rs10468017, rs541041, rs1800775, rs10096633, rs1532085, rs3905000, rs4775031, rs9989419, rs2083637, rs673548, rs1864163, rs693, rs2575876, rs7499892, rs1532624, rs3825776, rs11206510, rs3764261, rs4765623, rs4939883, rs12678919
WP4524	The alternative pathway of fetal androgen synthesis	rs12367822, rs17115100
WP4288	MTHFR deficiency	rs1801133, rs17367504
WP4480	Role Altered Glycolysation of MUC1 in Tumour Microenvironment	rs4072037, rs7665090, rs8016947
WP4312	Rett syndrome causing genes	rs4764043, rs1992950, rs4764039, rs1366594, rs12423712, rs2160519, rs2038256, rs9960767, rs613872
WP4286	Genotoxicity pathway	rs4613763, rs11062040, rs12324805, rs1926203, rs10865331, rs712039, rs1321311
WP4236	Disorders of the Krebs cycle	rs6792584
WP4482	Vitamin D in inflammatory diseases	rs744910, rs2659546, rs8016947, rs889312, rs7665090, rs16886165
WP4304	Oligodendrocyte Specification and differentiation(including remyelination), leading to Myelin Components for CNS	rs4444235, rs5742692, rs967417, rs1522232, rs2744148, rs12431733, rs13273073, rs1464500
WP4259	Disorders of Folate Metabolism and Transport	rs2295639, rs10498514, rs1801133, rs17367504
WP4504	Cysteine and methionine catabolism	rs6586282
WP4494	Selective expression of chemokine receptors during T-cell polarization	rs10045431, rs882300, rs3771166, rs6441286, rs1801275, rs485499, rs17810546, rs13314993, rs2546890, rs4143832, rs3790567, rs3213094
WP4389	Bile Acids synthesis and enterohepatic circulation	rs2228671, rs11668477, rs6511720, rs2283792, rs6756629, rs6544713, rs16856332, rs4299376, rs552976
WP4506	Tyrosine Metabolism	
WP4462	Platelet-mediated interactions with vascular and circulating cells	rs1799969, rs1569476, rs3093030, rs6074022, rs5498, rs6136
WP4518	Gamma-Glutamyl Cycle for the biosynthesis and degradation of glutathione, including diseases	rs5751901
WP4523	Classical pathway of steroidogenesis, including diseases	rs2899472, rs2305707, rs17115100
WP4539	Synaptic signaling pathways associated with autism spectrum disorder	rs4764043, rs4764039, rs1127065, rs7713917, rs2283792, rs2160519, rs10491334, rs7805747, rs7795096, rs17036350, rs6265, rs4132509, rs180515, rs216013
WP4533	Transcription co-factors SKI and SKIL protein partners	rs17174870, rs1992950, rs8028182
WP4532	Intraflagellar transport proteins binding to dynein	rs4906172
WP4540	Pathways Regulating Hippo Signaling	rs744910, rs6056209, rs4468878, rs956237, rs1869901, rs7903146, rs9292394, rs7805747, rs4701252, rs17036350, rs7901695, rs8055236, rs13224682, rs2981579, rs1219648, rs9929218, rs10243024, rs6118083, rs3197999, rs6563943, rs2114039, rs4783244, rs4479806, rs944260, rs2115386, rs4925189, rs3784962, rs7798500, rs2298574, rs10495928, rs1970546, rs3753242, rs7795096, rs11645366, rs11979158, rs7677751, rs17086609, rs3889237, rs891088
WP4290	Metabolic reprogramming in colon cancer	rs2896526, rs6792584
WP4481	Resistin as a regulator of inflammation	rs10045431, rs6056209, rs6441286, rs485499, rs17810546, rs1869901, rs2546890, rs3765524, rs2283792, rs3781264, rs6118083, rs2274223, rs4132509, rs7665090, rs3213094, rs8016947
WP4545	Oxysterols derived from cholesterol	rs10137082, rs543650, rs2504063, rs6902771, rs1999805
WP4320	The effect of progerin on the involved genes in Hutchinson-Gilford Progeria Syndrome	rs10484434, rs11868035, rs956237
WP4357	NRF2-ARE regulation	rs3889237, rs1424233, rs7498403, rs891088, rs2115386
WP4313	Ferroptosis	rs3811647, rs1049296, rs13107325, rs6107516, rs1867504, rs1799852, rs6052699
WP4297	Thiamine metabolic pathways	
WP4298	Viral Acute Myocarditis	rs882300, rs6441286, rs157350, rs485499, rs17810546, rs365990, rs2076756, rs3807989, rs3024505, rs9302752, rs4704970, rs3219090, rs2596542, rs3213094, rs744166, rs10045431, rs4770403, rs2275215, rs2546890, rs2283792, rs5743289, rs2032794, rs10812428
WP4271	Vitamin B12 Disorders	rs11254363, rs6602175, rs10508517, rs1801239, rs7134594
WP4324	Mitochondrial complex I assembly model OXPHOS system	rs2039485, rs7142881
WP4495	IL-10 Anti-inflammatory Signaling Pathway	rs3024505, rs2066808, rs744166
WP4507	Molybdenum cofactor (Moco) biosynthesis	
WP4496	Signal transduction through IL1R	rs7626795, rs9290936, rs2413583, rs968451, rs4601609, rs889312, rs7665090, rs16886165, rs8016947
WP4396	Nonalcoholic fatty liver disease	rs7120118, rs7578326, rs7805747, rs1648707, rs12753193, rs7795096, rs266717, rs4132509, rs210134, rs4537545, rs7111341, rs11868035, rs891088, rs7665090, rs12230440, rs210138, rs1800693, rs2943641, rs4601609, rs1892534, rs4129267, rs2234978, rs4939827, rs2115386
WP4519	Cerebral Organic Acidurias, including diseases	
WP4521	Glycosylation and related congenital defects.	rs4227
WP4537	Hippo-Yap signaling pathway	rs3197999, rs2088885
WP4541	Hippo-Merlin Signaling Dysregulation	rs7077361, rs4468878, rs314277, rs9292394, rs1551943, rs12621278, rs4701252, rs8055236, rs13224682, rs11150610, rs2981579, rs1219648, rs9929218, rs10243024, rs3197999, rs6563943, rs2114039, rs4783244, rs4479806, rs944260, rs2115386, rs4925189, rs3784962, rs2084385, rs7798500, rs2298574, rs1970546, rs6782029, rs197770, rs314268, rs11645366, rs11979158, rs7677751, rs17086609, rs9888739, rs11574637, rs891088, rs9642880
WP4536	Genes related to primary cilium development (based on CRISPR)	rs1541160, rs735172, rs9814870, rs2301436, rs3739070
WP4534	Mechanoregulation and pathology of YAP/TAZ via Hippo and non-Hippo mechanisms	rs9929218, rs1926203, rs3197999, rs2084385
