kegg_id	name	snps
path:hsa00010	Glycolysis / Gluconeogenesis - Homo sapiens (human)	rs560887, rs1789924, rs730497, rs7072268, rs2896526, rs4607517, rs9664222, rs3757840, rs1402837, rs991316, rs1789891
path:hsa00020	Citrate cycle (TCA cycle) - Homo sapiens (human)	rs7122539, rs6792584
path:hsa00030	Pentose phosphate pathway - Homo sapiens (human)	
path:hsa00040	Pentose and glucuronate interconversions - Homo sapiens (human)	rs6742078, rs4148325, rs11892031, rs887829
path:hsa00051	Fructose and mannose metabolism - Homo sapiens (human)	rs9378688, rs7072268
path:hsa00052	Galactose metabolism - Homo sapiens (human)	rs560887, rs4607517, rs730497, rs3757840, rs1402837, rs7072268
path:hsa00053	Ascorbate and aldarate metabolism - Homo sapiens (human)	rs6742078, rs4148325, rs11892031, rs887829
path:hsa00061	Fatty acid biosynthesis - Homo sapiens (human)	
path:hsa00062	Fatty acid elongation - Homo sapiens (human)	rs3734398
path:hsa00071	Fatty acid degradation - Homo sapiens (human)	rs1789924, rs7374394, rs2286963, rs991316, rs1789891
path:hsa00072	Synthesis and degradation of ketone bodies - Homo sapiens (human)	
path:hsa00100	Steroid biosynthesis - Homo sapiens (human)	rs1412444, rs2248359, rs2645424
path:hsa00120	Primary bile acid biosynthesis - Homo sapiens (human)	
path:hsa00130	Ubiquinone and other terpenoid-quinone biosynthesis - Homo sapiens (human)	rs9923231
path:hsa00140	Steroid hormone biosynthesis - Homo sapiens (human)	rs2472304, rs2470893, rs12367822, rs887829, rs17115100, rs6742078, rs2305707, rs2899472, rs4148325, rs11892031
path:hsa00190	Oxidative phosphorylation - Homo sapiens (human)	rs3800569
path:hsa00220	Arginine biosynthesis - Homo sapiens (human)	rs2807278, rs4795067
path:hsa00230	Purine metabolism - Homo sapiens (human)	rs263238, rs947583, rs6791644, rs10841496, rs10052657, rs16861990, rs2877716, rs1823068, rs385893, rs873917, rs1588265, rs7924176, rs702543, rs1348582, rs10510829, rs10510837, rs11143230, rs11611208, rs2601828, rs12418204, rs10493389
path:hsa00232	Caffeine metabolism - Homo sapiens (human)	rs1495741, rs2472304
path:hsa00240	Pyrimidine metabolism - Homo sapiens (human)	rs4657482, rs16861990, rs11637235, rs2074955, rs470119, rs873917
path:hsa00250	Alanine, aspartate and glutamate metabolism - Homo sapiens (human)	rs37369
path:hsa00260	Glycine, serine and threonine metabolism - Homo sapiens (human)	rs3027409, rs391300, rs6586282, rs477992, rs37369
path:hsa00270	Cysteine and methionine metabolism - Homo sapiens (human)	rs2896526, rs6586282, rs4636294, rs7023329, rs37369
path:hsa00280	Valine, leucine and isoleucine degradation - Homo sapiens (human)	rs10513789, rs7374394, rs37369, rs10518693
path:hsa00290	Valine, leucine and isoleucine biosynthesis - Homo sapiens (human)	
path:hsa00310	Lysine degradation - Homo sapiens (human)	rs7374394, rs17050782
path:hsa00330	Arginine and proline metabolism - Homo sapiens (human)	rs3027409, rs2807278, rs4795067
path:hsa00340	Histidine metabolism - Homo sapiens (human)	rs3027409
path:hsa00350	Tyrosine metabolism - Homo sapiens (human)	rs1789924, rs3027409, rs1847134, rs1042602, rs991316, rs1789891, rs1393350
path:hsa00360	Phenylalanine metabolism - Homo sapiens (human)	rs3027409
path:hsa00380	Tryptophan metabolism - Homo sapiens (human)	rs3027409, rs2470893, rs7374394, rs2472304
path:hsa00400	Phenylalanine, tyrosine and tryptophan biosynthesis - Homo sapiens (human)	
path:hsa00410	beta-Alanine metabolism - Homo sapiens (human)	rs7374394
path:hsa00430	Taurine and hypotaurine metabolism - Homo sapiens (human)	rs5751901
path:hsa00440	Phosphonate and phosphinate metabolism - Homo sapiens (human)	
path:hsa00450	Selenocompound metabolism - Homo sapiens (human)	
path:hsa00471	D-Glutamine and D-glutamate metabolism - Homo sapiens (human)	
path:hsa00472	D-Arginine and D-ornithine metabolism - Homo sapiens (human)	
path:hsa00480	Glutathione metabolism - Homo sapiens (human)	rs5751901, rs6686643
path:hsa00500	Starch and sucrose metabolism - Homo sapiens (human)	rs560887, rs4607517, rs730497, rs3757840, rs1402837, rs7072268
path:hsa00510	N-Glycan biosynthesis - Homo sapiens (human)	rs10483776, rs8007846, rs655601, rs6031882, rs10937275, rs16861329, rs7159888
path:hsa00511	Other glycan degradation - Homo sapiens (human)	rs228614
path:hsa00512	Mucin type O-glycan biosynthesis - Homo sapiens (human)	rs6710518, rs10259085
path:hsa00514	Other types of O-glycan biosynthesis - Homo sapiens (human)	rs10937275, rs16861329
path:hsa00515	Mannose type O-glycan biosynthesis - Homo sapiens (human)	
path:hsa00520	Amino sugar and nucleotide sugar metabolism - Homo sapiens (human)	rs9378688, rs4607517, rs730497, rs10743430, rs3757840, rs7072268
path:hsa00524	Neomycin, kanamycin and gentamicin biosynthesis - Homo sapiens (human)	rs3757840, rs4607517, rs730497, rs7072268
path:hsa00531	Glycosaminoglycan degradation - Homo sapiens (human)	rs337847, rs530501
path:hsa00532	Glycosaminoglycan biosynthesis - chondroitin sulfate / dermatan sulfate - Homo sapiens (human)	rs2500535
path:hsa00533	Glycosaminoglycan biosynthesis - keratan sulfate - Homo sapiens (human)	rs10865331, rs8007846, rs10483776, rs7159888
path:hsa00534	Glycosaminoglycan biosynthesis - heparan sulfate / heparin - Homo sapiens (human)	rs2038823, rs12048904, rs10521232, rs3848445
path:hsa00561	Glycerolipid metabolism - Homo sapiens (human)	rs11248060, rs6561030, rs1202199, rs838705, rs10468017, rs10460009, rs10096633, rs3825776, rs1532085, rs4142110, rs4939883, rs12678919, rs4775031, rs2083637, rs7435, rs1012053
path:hsa00562	Inositol phosphate metabolism - Homo sapiens (human)	rs6056209, rs7506045, rs1869901, rs3765524, rs2302189, rs12537, rs9969804, rs3781264, rs9664222, rs6118083, rs2274223
path:hsa00563	Glycosylphosphatidylinositol (GPI)-anchor biosynthesis - Homo sapiens (human)	rs9467160, rs1883415
path:hsa00564	Glycerophospholipid metabolism - Homo sapiens (human)	rs11248060, rs6001027, rs6561030, rs1202199, rs838705, rs10460009, rs2285714, rs738322, rs4142110, rs4129767, rs2284063, rs7435, rs1012053
path:hsa00565	Ether lipid metabolism - Homo sapiens (human)	rs7112513, rs6001027, rs2285714, rs2284063, rs738322
path:hsa00590	Arachidonic acid metabolism - Homo sapiens (human)	rs6001027, rs12767583, rs2185570, rs738322, rs2285714, rs5751901, rs10509680, rs2108622, rs4086116, rs2284063, rs1057910
path:hsa00591	Linoleic acid metabolism - Homo sapiens (human)	rs2472304, rs6001027, rs12767583, rs2185570, rs738322, rs2285714, rs10509680, rs4086116, rs2284063, rs1057910
path:hsa00592	alpha-Linolenic acid metabolism - Homo sapiens (human)	rs738322, rs174570, rs6001027, rs2284063, rs1535, rs2285714
path:hsa00600	Sphingolipid metabolism - Homo sapiens (human)	rs680379, rs10438933, rs17126232, rs7157785
path:hsa00601	Glycosphingolipid biosynthesis - lacto and neolacto series - Homo sapiens (human)	rs504963, rs10865331, rs602662, rs11220462, rs505922, rs3760776, rs657152, rs2216228, rs2236653, rs8176746, rs495828
path:hsa00603	Glycosphingolipid biosynthesis - globo and isoglobo series - Homo sapiens (human)	rs2216228, rs504963, rs602662
path:hsa00604	Glycosphingolipid biosynthesis - ganglio series - Homo sapiens (human)	rs2216228, rs10873876
path:hsa00620	Pyruvate metabolism - Homo sapiens (human)	rs2896526, rs7122539, rs732528
path:hsa00630	Glyoxylate and dicarboxylate metabolism - Homo sapiens (human)	
path:hsa00640	Propanoate metabolism - Homo sapiens (human)	rs2896526, rs7374394, rs6792584
path:hsa00650	Butanoate metabolism - Homo sapiens (human)	rs433598, rs7374394
path:hsa00670	One carbon pool by folate - Homo sapiens (human)	rs10498514, rs17367504, rs11754661, rs2295639, rs1801133
path:hsa00730	Thiamine metabolism - Homo sapiens (human)	
path:hsa00740	Riboflavin metabolism - Homo sapiens (human)	rs7253363
path:hsa00750	Vitamin B6 metabolism - Homo sapiens (human)	
path:hsa00760	Nicotinate and nicotinamide metabolism - Homo sapiens (human)	rs4698412, rs873917, rs2847476, rs4538475
path:hsa00770	Pantothenate and CoA biosynthesis - Homo sapiens (human)	rs11185790
path:hsa00780	Biotin metabolism - Homo sapiens (human)	rs7651039
path:hsa00785	Lipoic acid metabolism - Homo sapiens (human)	
path:hsa00790	Folate biosynthesis - Homo sapiens (human)	
path:hsa00830	Retinol metabolism - Homo sapiens (human)	rs1789924, rs12772169, rs4148325, rs2472304, rs2185570, rs12367822, rs887829, rs2068888, rs2470893, rs6742078, rs10509680, rs4086116, rs11892031, rs991316, rs1789891, rs1057910
path:hsa00860	Porphyrin and chlorophyll metabolism - Homo sapiens (human)	rs6742078, rs5934953, rs4148325, rs7134594, rs11892031, rs887829
path:hsa00900	Terpenoid backbone biosynthesis - Homo sapiens (human)	rs3846662
path:hsa00910	Nitrogen metabolism - Homo sapiens (human)	
path:hsa00920	Sulfur metabolism - Homo sapiens (human)	
path:hsa00970	Aminoacyl-tRNA biosynthesis - Homo sapiens (human)	
path:hsa00980	Metabolism of xenobiotics by cytochrome P450 - Homo sapiens (human)	rs1789924, rs4148325, rs6686643, rs2472304, rs2185570, rs2470893, rs887829, rs6742078, rs10509680, rs4086116, rs11892031, rs991316, rs1789891, rs1057910
path:hsa00982	Drug metabolism - cytochrome P450 - Homo sapiens (human)	rs1789924, rs3027409, rs4148325, rs6686643, rs12767583, rs2472304, rs2185570, rs887829, rs6742078, rs10509680, rs4086116, rs11892031, rs991316, rs1789891, rs1057910
path:hsa00983	Drug metabolism - other enzymes - Homo sapiens (human)	rs4657482, rs11637235, rs2074955, rs1495741, rs6686643, rs470119, rs887829, rs6742078, rs16861990, rs4148325, rs11892031
path:hsa01040	Biosynthesis of unsaturated fatty acids - Homo sapiens (human)	rs174546, rs3734398, rs174570, rs1535
path:hsa01100	Metabolic pathways - Homo sapiens (human)	rs4657482, rs11637235, rs7122539, rs602662, rs470119, rs1869901, rs838705, rs2248359, rs6561030, rs3734398, rs6742078, rs5751901, rs7112513, rs4142110, rs2108622, rs1532085, rs4775031, rs2284063, rs7651039, rs1393350, rs1789924, rs9378688, rs6586282, rs530501, rs10873876, rs12767583, rs7134594, rs505922, rs2302189, rs7159888, rs9923231, rs391300, rs6118083, rs12048904, rs2236653, rs7374394, rs680379, rs4939883, rs10438933, rs1847134, rs504963, rs2807278, rs730497, rs1042602, rs2295639, rs2068888, rs10468017, rs1801133, rs10460009, rs2896526, rs3800569, rs8176746, rs2274223, rs2899472, rs3846662, rs4086116, rs4148325, rs1057910, rs4538475, rs2074955, rs1495741, rs8007846, rs2645424, rs4636294, rs10498514, rs887829, rs9969804, rs10483776, rs2285714, rs4607517, rs655601, rs4925386, rs10509680, rs337847, rs4129767, rs4698412, rs6710518, rs11754661, rs1789891, rs560887, rs6056209, rs11248060, rs2472304, rs6001027, rs10259085, rs10513789, rs2470893, rs12537, rs2305707, rs3781264, rs3757840, rs1402837, rs1012053, rs7924176, rs11185790, rs6792584, rs433598, rs2185570, rs7023329, rs17115100, rs16861329, rs11220462, rs2216228, rs17367504, rs10937275, rs1883415, rs7435, rs10518693, rs17126232, rs10865331, rs10743430, rs9467160, rs7506045, rs7072268, rs7253363, rs16861990, rs2286963, rs9664222, rs2847476, rs495828, rs11892031, rs37369, rs873917, rs3027409, rs12772169, rs1202199, rs12367822, rs3765524, rs738322, rs3760776, rs657152, rs11143230, rs477992, rs3825776, rs6031882, rs991316, rs4795067
path:hsa01200	Carbon metabolism - Homo sapiens (human)	rs7122539, rs730497, rs6792584, rs1801133, rs7072268, rs4607517, rs7374394, rs477992, rs17367504, rs3757840, rs732528
path:hsa01210	2-Oxocarboxylic acid metabolism - Homo sapiens (human)	
path:hsa01212	Fatty acid metabolism - Homo sapiens (human)	rs174546, rs7374394, rs2286963, rs174570, rs3734398, rs1535
path:hsa01230	Biosynthesis of amino acids - Homo sapiens (human)	rs477992, rs2807278, rs6586282, rs7122539
path:hsa01521	EGFR tyrosine kinase inhibitor resistance - Homo sapiens (human)	rs2153960, rs10758669, rs5742692, rs4537545, rs4132509, rs17036350, rs3805236, rs180515, rs744166, rs11979158, rs2439312, rs9480865, rs477895, rs7677751, rs1219648, rs2981579, rs2114039, rs2283792, rs8023445, rs10243024, rs10895547, rs3889237, rs4129267, rs454305, rs9472138
path:hsa01522	Endocrine resistance - Homo sapiens (human)	rs263238, rs404860, rs6902771, rs543650, rs5742692, rs16856332, rs4132509, rs17036350, rs2273061, rs443198, rs2877716, rs180515, rs552976, rs9296015, rs11979158, rs477895, rs1999805, rs1321311, rs2283792, rs8023445, rs4601609, rs2601828, rs2504063, rs3131296, rs742134, rs10876993
path:hsa01523	Antifolate resistance - Homo sapiens (human)	rs4148546, rs17367504, rs1481012, rs4148441, rs2231142, rs7665090, rs1801133, rs1926657
path:hsa01524	Platinum drug resistance - Homo sapiens (human)	rs6686643, rs477895, rs2234978, rs1321311, rs2283792, rs240993, rs6900341, rs4132509, rs210134, rs210138, rs1801516
path:hsa02010	ABC transporters - Homo sapiens (human)	rs4149268, rs2515629, rs4148546, rs2575876, rs4299376, rs3764650, rs2231142, rs12686004, rs1926657, rs6544713, rs6756629, rs1481012, rs4148441, rs425215, rs3905000, rs16856332, rs552976
path:hsa03008	Ribosome biogenesis in eukaryotes - Homo sapiens (human)	rs619865, rs2071598, rs2416257
path:hsa03010	Ribosome - Homo sapiens (human)	rs10507380, rs12580100, rs6604026, rs2280401
path:hsa03013	RNA transport - Homo sapiens (human)	rs2071598, rs4660293, rs798766, rs12420464, rs4294134, rs16892766, rs12199222
path:hsa03015	mRNA surveillance pathway - Homo sapiens (human)	rs11158493, rs1864982, rs4660293
path:hsa03018	RNA degradation - Homo sapiens (human)	rs11062040, rs4660293, rs429608, rs8060686, rs16887244
path:hsa03020	RNA polymerase - Homo sapiens (human)	rs6761, rs7097, rs8321, rs2562519
path:hsa03022	Basal transcription factors - Homo sapiens (human)	rs2978263
path:hsa03030	DNA replication - Homo sapiens (human)	rs690705, rs2277339
path:hsa03040	Spliceosome - Homo sapiens (human)	rs4811196, rs11205277
path:hsa03050	Proteasome - Homo sapiens (human)	rs831571, rs9357155
path:hsa03060	Protein export - Homo sapiens (human)	rs1534166, rs10279573, rs12531640
path:hsa03320	PPAR signaling pathway - Homo sapiens (human)	rs12272004, rs7120118, rs11666579, rs13236689, rs1535, rs285480, rs1648707, rs7374394, rs2286963, rs6065904, rs10800098, rs266717, rs174570, rs10096633, rs12678919, rs2083637
path:hsa03410	Base excision repair - Homo sapiens (human)	rs3219090, rs1395479, rs11618202
path:hsa03420	Nucleotide excision repair - Homo sapiens (human)	rs3136202, rs690705, rs2113334
path:hsa03430	Mismatch repair - Homo sapiens (human)	rs690705
path:hsa03440	Homologous recombination - Homo sapiens (human)	rs2244012, rs999737, rs2718812, rs11661542, rs3768716, rs911263, rs1956529, rs6435862, rs420259, rs365132, rs1801516
path:hsa03450	Non-homologous end-joining - Homo sapiens (human)	rs16859517, rs2244012
path:hsa03460	Fanconi anemia pathway - Homo sapiens (human)	rs3136202, rs2113334, rs16966142, rs6900341, rs1923775, rs240993, rs420259, rs730566
path:hsa04010	MAPK signaling pathway - Homo sapiens (human)	rs9290936, rs12593813, rs242557, rs1366594, rs8070723, rs10074258, rs4132509, rs7209435, rs16886165, rs7111341, rs216013, rs7626795, rs6774494, rs7158173, rs152528, rs7665090, rs2981579, rs1219648, rs968451, rs2121875, rs5945326, rs2283792, rs1800693, rs10243024, rs10895547, rs4601609, rs7076247, rs6265, rs889312, rs454305, rs1004446, rs2234978, rs2115386, rs1350666, rs2114039, rs2413583, rs3782181, rs2281845, rs2084385, rs995030, rs4338740, rs484959, rs798497, rs7069923, rs5742692, rs798544, rs12821256, rs2070615, rs11979158, rs1182188, rs538147, rs9472138, rs7677751, rs2659546, rs17086609, rs8035957, rs3743200, rs3889237, rs17369571, rs2241423, rs6687758, rs2306374, rs2032794, rs6691170, rs891088, rs9642880, rs1458038, rs892055
path:hsa04012	ErbB signaling pathway - Homo sapiens (human)	rs11979158, rs2439312, rs477895, rs1127065, rs2084385, rs3805236, rs1321311, rs2283792, rs8023445, rs3889237, rs4601609, rs17036350, rs4132509, rs454305, rs9642880, rs1350666, rs180515, rs1484170
path:hsa04014	Ras signaling pathway - Homo sapiens (human)	rs4764043, rs6001027, rs4767631, rs815815, rs2160519, rs10074258, rs3781264, rs4132509, rs2284063, rs7111341, rs152528, rs477895, rs2981579, rs1219648, rs2121875, rs702873, rs2283792, rs8023445, rs10243024, rs10895547, rs11221332, rs6265, rs454305, rs1004446, rs2114039, rs2115386, rs3782181, rs4764039, rs6918152, rs13017599, rs2084385, rs995030, rs4338740, rs484959, rs12210050, rs5742692, rs6590330, rs2274223, rs12821256, rs13031237, rs10444502, rs3805236, rs11065987, rs291353, rs10499559, rs11979158, rs891088, rs7677751, rs17086609, rs8035957, rs3765524, rs2285714, rs738322, rs3743200, rs3889237, rs17369571, rs2306374, rs2032794, rs1432295, rs7665090, rs9472138, rs1458038, rs4651156, rs892055
path:hsa04015	Rap1 signaling pathway - Homo sapiens (human)	rs4764043, rs6056209, rs815815, rs1869901, rs2160519, rs425105, rs10074258, rs3781264, rs1983853, rs4132509, rs2877716, rs7111341, rs152528, rs11150610, rs2981579, rs1219648, rs12344583, rs2121875, rs6122972, rs11214606, rs9929218, rs10243024, rs2283792, rs10895547, rs757978, rs6118083, rs2601828, rs2114039, rs2115386, rs3782181, rs263238, rs3780792, rs4764039, rs995030, rs4338740, rs484959, rs3753242, rs5742692, rs2274223, rs12821256, rs11848785, rs11083846, rs10499559, rs7905537, rs11979158, rs7677751, rs786870, rs17086609, rs2084881, rs3765524, rs9888739, rs3889237, rs4075958, rs2306374, rs17369571, rs891088, rs9472138, rs1458038
path:hsa04020	Calcium signaling pathway - Homo sapiens (human)	rs6056209, rs12883884, rs1127065, rs1869901, rs13405728, rs815815, rs3781264, rs3995090, rs216013, rs2819742, rs6118083, rs2601828, rs2114039, rs7554607, rs82625, rs882300, rs11880198, rs2281845, rs263238, rs6842241, rs10491334, rs11065611, rs2681472, rs2274223, rs6807064, rs2306677, rs2681492, rs2819770, rs3750965, rs11979158, rs10831496, rs2659546, rs999943, rs7677751, rs2782980, rs3765524, rs6844153, rs3889237, rs2229116, rs4650608, rs4795067
path:hsa04022	cGMP-PKG signaling pathway - Homo sapiens (human)	rs6056209, rs710841, rs10919071, rs12883884, rs815815, rs1869901, rs1366594, rs7578326, rs4979906, rs4132509, rs2877716, rs216013, rs7111341, rs477895, rs1348582, rs2237349, rs2283792, rs6118083, rs2601828, rs82625, rs2115386, rs1950500, rs263238, rs6842241, rs710446, rs2281845, rs10841496, rs2681472, rs798497, rs11065611, rs10495928, rs2580816, rs7922491, rs798544, rs3796804, rs6807064, rs2306677, rs2681492, rs1182188, rs2659546, rs999943, rs2782980, rs2943641, rs11611208, rs869244, rs891088, rs12418204
path:hsa04024	cAMP signaling pathway - Homo sapiens (human)	rs4764043, rs10919071, rs7591064, rs1127065, rs815815, rs1828591, rs1812175, rs12658202, rs2160519, rs3781264, rs4132509, rs2877716, rs2268363, rs1823068, rs3995090, rs216013, rs1588265, rs4148546, rs702543, rs477895, rs8017455, rs12344583, rs2819742, rs1348582, rs1926657, rs11214606, rs2283792, rs2237349, rs29232, rs4601609, rs2601828, rs6265, rs7554607, rs82625, rs10493389, rs2281845, rs263238, rs6842241, rs3780792, rs4764039, rs10841496, rs10052657, rs572169, rs10491334, rs11065611, rs2681472, rs4724100, rs12101261, rs2274223, rs6807064, rs2681492, rs13118928, rs2819770, rs8016947, rs6854783, rs11671664, rs2782980, rs17111394, rs3765524, rs11611208, rs4148441, rs7665090
path:hsa04060	Cytokine-cytokine receptor interaction - Homo sapiens (human)	rs10137082, rs6441286, rs485499, rs17810546, rs2310173, rs706779, rs2075726, rs3024505, rs11209026, rs2284033, rs4355801, rs1077667, rs3213094, rs3806932, rs2006996, rs7517847, rs1800693, rs2205960, rs1892534, rs4129267, rs2234978, rs860413, rs882300, rs2103868, rs3194051, rs4844096, rs10021303, rs6074022, rs2201841, rs5936487, rs4444235, rs11465804, rs12753193, rs7090512, rs1859156, rs3093023, rs12198986, rs1126757, rs1837253, rs9594759, rs1801275, rs967417, rs4796217, rs13314993, rs1572072, rs7789197, rs1341239, rs6478109, rs9290936, rs9510787, rs6761276, rs20541, rs4788084, rs3790567, rs3093024, rs13188386, rs4273077, rs10045431, rs7626795, rs2104286, rs2546890, rs6469804, rs6421571, rs3018362, rs1746048, rs979233, rs6478108, rs2870946, rs6897932, rs484959, rs4537545, rs12431733, rs1342326, rs13278062, rs12251307, rs3771166, rs630923, rs9594738, rs10889677, rs2957128, rs7911500, rs3118470, rs4143832, rs3803800, rs1295686, rs951005, rs6993813, rs1420101
path:hsa04062	Chemokine signaling pathway - Homo sapiens (human)	rs882300, rs2153960, rs6056209, rs263238, rs3780792, rs13230047, rs1869901, rs10758669, rs3753242, rs10488031, rs4132509, rs2877716, rs3093023, rs3093024, rs741301, rs744166, rs8016947, rs291353, rs7905537, rs169082, rs630923, rs11984075, rs477895, rs12344583, rs4796217, rs13314993, rs2066808, rs2283792, rs8023445, rs6063312, rs6118083, rs2601828, rs9480865, rs6421571, rs7665090, rs1746048, rs951005
path:hsa04064	NF-kappa B signaling pathway - Homo sapiens (human)	rs610604, rs2413583, rs6074022, rs5498, rs3219090, rs10133111, rs7238078, rs1077667, rs8016947, rs9594759, rs9594738, rs7665090, rs968451, rs4796217, rs2957128, rs3093030, rs1800693, rs1799969, rs290986, rs2327832, rs2230926, rs3761847, rs951005, rs3018362, rs1746048, rs1801516
path:hsa04066	HIF-1 signaling pathway - Homo sapiens (human)	rs1049296, rs1127065, rs1799852, rs7072268, rs3811647, rs2896526, rs5742692, rs4537545, rs4132509, rs17036350, rs744166, rs180515, rs7111341, rs11979158, rs7665090, rs1867504, rs17086609, rs1321311, rs2283792, rs3889237, rs4129267, rs891088, rs9472138, rs2115386, rs4795067
path:hsa04068	FoxO signaling pathway - Homo sapiens (human)	rs560887, rs744910, rs2153960, rs1801516, rs3194051, rs6897932, rs1063192, rs7578326, rs3024505, rs2755237, rs2038256, rs7805747, rs3764640, rs7795096, rs5742692, rs4132509, rs1402837, rs2069408, rs11611647, rs744166, rs4660531, rs7111341, rs4238010, rs11979158, rs7713917, rs17050782, rs1321311, rs2283792, rs2943641, rs9480865, rs891088, rs2115386, rs860413
path:hsa04070	Phosphatidylinositol signaling system - Homo sapiens (human)	rs6056209, rs11248060, rs6561030, rs815815, rs1869901, rs838705, rs7506045, rs12537, rs3781264, rs2274223, rs4142110, rs2306677, rs1012053, rs999943, rs2302189, rs3765524, rs9969804, rs6118083, rs3889237
path:hsa04071	Sphingolipid signaling pathway - Homo sapiens (human)	rs6056209, rs7157785, rs710446, rs1869901, rs798497, rs10495928, rs3753242, rs798544, rs4132509, rs1182188, rs11158493, rs1864982, rs2283792, rs1800693, rs6118083, rs3889237, rs680379, rs2251746, rs7665090, rs17126232
path:hsa04072	Phospholipase D signaling pathway - Homo sapiens (human)	rs6056209, rs11248060, rs6561030, rs1869901, rs838705, rs1983853, rs4142110, rs4132509, rs17036350, rs2877716, rs1012053, rs7111341, rs2283792, rs8023445, rs10895547, rs290986, rs6118083, rs2601828, rs2114039, rs2115386, rs1011731, rs7435, rs3782181, rs263238, rs17864092, rs9870680, rs995030, rs11971186, rs678962, rs798497, rs17691394, rs798544, rs12821256, rs3805236, rs2502731, rs11979158, rs1182188, rs10831496, rs7677751, rs4650608, rs3889237, rs2306374, rs2251746, rs891088
path:hsa04080	Neuroactive ligand-receptor interaction - Homo sapiens (human)	rs4764043, rs7591064, rs8043440, rs13405728, rs2160519, rs571312, rs12658202, rs1983853, rs10871777, rs1010254, rs2268363, rs13188386, rs3995090, rs2166706, rs12797755, rs12914385, rs8017455, rs11214606, rs29232, rs8099939, rs393152, rs1403543, rs950776, rs1892534, rs82625, rs12201676, rs979233, rs2274459, rs12970134, rs4613763, rs1051730, rs6842241, rs4764039, rs710446, rs9310736, rs1387153, rs17864092, rs11971186, rs9870680, rs783147, rs572169, rs12753193, rs17691394, rs12101261, rs363512, rs7905537, rs9303521, rs10831496, rs1447352, rs4785763, rs11671664, rs8042374, rs154659, rs2782980, rs17111394, rs4676406, rs4650608, rs869244, rs1341239, rs12207601
path:hsa04110	Cell cycle - Homo sapiens (human)	rs10927875, rs744910, rs1063192, rs2069408, rs1547014, rs11611647, rs4238010, rs3218097, rs2282978, rs11968166, rs1321311, rs1493682, rs445, rs8102137, rs738722, rs9642880, rs10876993, rs2431697, rs1801516
path:hsa04114	Oocyte meiosis - Homo sapiens (human)	rs263238, rs1127065, rs815815, rs17763373, rs5742692, rs2069408, rs2877716, rs2306677, rs783540, rs7111341, rs2659546, rs6625163, rs999943, rs11158493, rs2283792, rs1493682, rs2601828, rs8102137, rs2431697, rs5031002, rs5919432, rs359457
path:hsa04115	p53 signaling pathway - Homo sapiens (human)	rs3218097, rs2282978, rs11968166, rs2234978, rs1321311, rs5742692, rs8102137, rs445, rs2069408, rs1547014, rs738722, rs11611647, rs12143943, rs10876993, rs4238010, rs1801516
path:hsa04120	Ubiquitin mediated proteolysis - Homo sapiens (human)	rs307896, rs1667394, rs5742915, rs6966038, rs2075876, rs16912145, rs1394125, rs2430212, rs4821112, rs12913832, rs889312, rs5754217, rs11630290, rs16886165
path:hsa04122	Sulfur relay system - Homo sapiens (human)	
path:hsa04130	SNARE interactions in vesicular transport - Homo sapiens (human)	rs11602954, rs2280543, rs1411478, rs10760706, rs10871454, rs17608766
path:hsa04136	Autophagy - other - Homo sapiens (human)	rs17036350, rs2241880, rs3792109
path:hsa04137	Mitophagy - animal - Homo sapiens (human)	rs7647307, rs6610953, rs2153960, rs2842643, rs4601609, rs2306374, rs9480865, rs1561570
path:hsa04140	Autophagy - animal - Homo sapiens (human)	rs7111341, rs2241880, rs3792109, rs477895, rs4132509, rs2302189, rs2943641, rs12537, rs7578326, rs10760706, rs2283792, rs3764640, rs2306374, rs17036350, rs11141915, rs180515, rs11618202
path:hsa04141	Protein processing in endoplasmic reticulum - Homo sapiens (human)	rs16912145, rs9894429, rs6031882, rs210138, rs210134, rs2217332, rs4689388
path:hsa04142	Lysosome - Homo sapiens (human)	rs1412444, rs794185, rs530501, rs1805081, rs2289700, rs683395, rs2281680, rs7253363, rs3800569, rs17126232, rs337847, rs6917747, rs228614, rs2028299
path:hsa04144	Endocytosis - Homo sapiens (human)	rs2228671, rs9264942, rs744910, rs12138950, rs2562784, rs5742915, rs6511720, rs2523809, rs706779, rs4713693, rs2284033, rs3110496, rs1109670, rs6673480, rs1802295, rs3129055, rs4921617, rs2523608, rs12989701, rs9468925, rs2104286, rs2247056, rs6122972, rs1219648, rs2981579, rs13437082, rs2114039, rs6917747, rs1413885, rs2860580, rs1011731, rs882300, rs2967605, rs437943, rs2292354, rs11668477, rs7561528, rs3807989, rs678962, rs3753242, rs744373, rs7090512, rs1552224, rs2502731, rs12251307, rs7905537, rs11979158, rs7677751, rs7911500, rs3118470, rs1755289, rs10484554, rs17030613, rs10810865
path:hsa04145	Phagosome - Homo sapiens (human)	rs11057830, rs9271366, rs987870, rs7775228, rs13236689, rs2523809, rs9277535, rs4713693, rs3077, rs6457617, rs4821544, rs2856718, rs3129055, rs3129890, rs2523608, rs11150610, rs9468925, rs2247056, rs4906172, rs3135363, rs4765623, rs13437082, rs9357152, rs2437258, rs2860580, rs2647012, rs10484561, rs13192471, rs1801274, rs9275572, rs3800569, rs9500927, rs9275698, rs3135338, rs2647044, rs3129882, rs2858331, rs7774434, rs6903608, rs9888739, rs4664308, rs660895, rs10484554, rs9264942, rs7765379
path:hsa04146	Peroxisome - Homo sapiens (human)	rs7590720, rs12741973, rs694739, rs7374394, rs874628, rs7630877, rs4795067
path:hsa04150	mTOR signaling pathway - Homo sapiens (human)	rs7578326, rs3764640, rs5742692, rs17036350, rs4132509, rs16826658, rs2074404, rs180515, rs7111341, rs7349332, rs4944092, rs3736228, rs12540874, rs891088, rs2283792, rs1800693, rs2943641, rs3889237, rs1012068, rs415430, rs2115386
path:hsa04151	PI3K-Akt signaling pathway - Homo sapiens (human)	rs3914132, rs706779, rs10758669, rs2284033, rs3764640, rs185819, rs1983853, rs12621278, rs17157903, rs180515, rs7111341, rs7341475, rs477895, rs2981579, rs6699417, rs290986, rs4129267, rs6265, rs9480865, rs1350666, rs860413, rs3782181, rs3194051, rs2158836, rs7319311, rs4338740, rs197770, rs7090512, rs2069408, rs11611647, rs2275215, rs1801275, rs11979158, rs7677751, rs2282978, rs17086609, rs2943641, rs3889237, rs4925386, rs441051, rs1341239, rs7665090, rs891088, rs10876993, rs560887, rs7077361, rs12198173, rs7578326, rs1551943, rs10074258, rs1054627, rs9642880, rs17036350, rs1402837, rs4132509, rs13188386, rs4238010, rs152528, rs525410, rs3218097, rs2104286, rs11968166, rs1864982, rs3742207, rs1219648, rs2121875, rs2283792, rs2237349, rs10243024, rs4298437, rs10895547, rs445, rs8102137, rs454305, rs1004446, rs2114039, rs2115386, rs979233, rs2153960, rs6897932, rs995030, rs484959, rs5742692, rs4537545, rs12821256, rs291353, rs2269426, rs12251307, rs7158782, rs1150754, rs11158493, rs1321311, rs7911500, rs3118470, rs17369571, rs9472138, rs1458038
path:hsa04152	AMPK signaling pathway - Homo sapiens (human)	rs560887, rs2967605, rs2153960, rs13236689, rs2755237, rs7578326, rs3764640, rs7805747, rs1648707, rs12753193, rs7795096, rs5742692, rs266717, rs4132509, rs17036350, rs1402837, rs3846662, rs1800961, rs180515, rs7111341, rs11868035, rs12230440, rs11158493, rs1864982, rs4812829, rs2237349, rs2943641, rs1892534, rs9480865, rs891088, rs2115386
path:hsa04210	Apoptosis - Homo sapiens (human)	rs7025486, rs2075726, rs10999409, rs8192917, rs3219090, rs4132509, rs210134, rs2306677, rs13278062, rs8016947, rs7665090, rs477895, rs2289700, rs999943, rs2283792, rs1800693, rs3761847, rs4601609, rs2234978, rs210138, rs1801516
path:hsa04211	Longevity regulating pathway - Homo sapiens (human)	rs2153960, rs263238, rs2755237, rs7578326, rs3764640, rs10491334, rs1648707, rs7805747, rs7795096, rs5742692, rs266717, rs4132509, rs17036350, rs2877716, rs180515, rs7111341, rs891088, rs12230440, rs2237349, rs2943641, rs2601828, rs9480865, rs7665090, rs2115386
path:hsa04213	Longevity regulating pathway - multiple species - Homo sapiens (human)	rs7111341, rs2153960, rs263238, rs2755237, rs7578326, rs2943641, rs7805747, rs2877716, rs7795096, rs5742692, rs2601828, rs9480865, rs4132509, rs17036350, rs891088, rs2115386, rs180515
path:hsa04215	Apoptosis - multiple species - Homo sapiens (human)	rs210134, rs210138, rs12479254, rs1800693
path:hsa04216	Ferroptosis - Homo sapiens (human)	rs3811647, rs1049296, rs13107325, rs6107516, rs1867504, rs1799852, rs6052699
path:hsa04217	Necroptosis - Homo sapiens (human)	rs610604, rs12720356, rs3821236, rs7574865, rs1127065, rs10758669, rs280519, rs3219090, rs1059513, rs1342326, rs744166, rs13278062, rs11618202, rs167769, rs2066808, rs1800693, rs2327832, rs2230926, rs3827730, rs477687, rs1539019, rs2234978, rs2073145
path:hsa04218	Cellular senescence - Homo sapiens (human)	rs744910, rs4899260, rs2523809, rs2244012, rs4713693, rs815815, rs2755237, rs4132509, rs17036350, rs4238010, rs3129055, rs3218097, rs2523608, rs9468925, rs11968166, rs2247056, rs2283792, rs11221332, rs445, rs8102137, rs9480865, rs13437082, rs738722, rs2860580, rs2153960, rs1950500, rs1063192, rs10876993, rs6590330, rs2069408, rs1547014, rs11611647, rs2306677, rs4902642, rs2659546, rs999943, rs2282978, rs1321311, rs4902647, rs2306374, rs10484554, rs7665090, rs9642880, rs9264942, rs1801516
path:hsa04260	Cardiac muscle contraction - Homo sapiens (human)	rs365990, rs10919071, rs2281845, rs2819742, rs2819770, rs11065611, rs7069923, rs7076247, rs216013, rs7554607, rs2070615
path:hsa04261	Adrenergic signaling in cardiomyocytes - Homo sapiens (human)	rs6056209, rs365990, rs10919071, rs1127065, rs815815, rs1869901, rs3922844, rs4132509, rs2877716, rs12576239, rs216013, rs2237886, rs1864982, rs2819742, rs2237349, rs2283792, rs163182, rs6118083, rs2237892, rs2601828, rs1403543, rs7076247, rs7554607, rs82625, rs2281845, rs263238, rs2237878, rs2681472, rs11065611, rs7069923, rs6807064, rs2681492, rs2070615, rs2819770, rs179429, rs727957, rs11158493, rs12053903, rs2782980, rs13015447, rs3889237
path:hsa04270	Vascular smooth muscle contraction - Homo sapiens (human)	rs6056209, rs2281845, rs263238, rs6842241, rs6001027, rs815815, rs1869901, rs798497, rs10495928, rs1926203, rs2580816, rs4979906, rs798544, rs7922491, rs2877716, rs2284063, rs2306677, rs216013, rs1182188, rs999943, rs2283792, rs2285714, rs738322, rs6118083, rs3889237, rs2601828
path:hsa04310	Wnt signaling pathway - Homo sapiens (human)	rs744910, rs6056209, rs1950500, rs956237, rs1127065, rs1869901, rs7903146, rs1733724, rs9298506, rs16826658, rs11611647, rs7901695, rs2257205, rs4238010, rs2074404, rs7349332, rs4944092, rs3218097, rs3736228, rs2659546, rs11968166, rs1513670, rs2395730, rs6118083, rs3889237, rs4962416, rs4601609, rs1504749, rs415430, rs9642880, rs153734, rs10958409
path:hsa04330	Notch signaling pathway - Homo sapiens (human)	rs9296015, rs404860, rs3131296, rs4962416, rs443198, rs2273061, rs12423712, rs10483853
path:hsa04340	Hedgehog signaling pathway - Homo sapiens (human)	rs735172, rs6854783, rs1828591, rs1812175, rs830998, rs2544390, rs11241713, rs4724100, rs11611647, rs4238010, rs13118928
path:hsa04350	TGF-beta signaling pathway - Homo sapiens (human)	rs4939827, rs744910, rs4703129, rs967417, rs17760296, rs10021303, rs1063192, rs2283792, rs4444235, rs1859156, rs9642880, rs7789197, rs227731, rs12431733, rs12198986, rs180515
path:hsa04360	Axon guidance - Homo sapiens (human)	rs882300, rs9871760, rs1950500, rs7050529, rs1127065, rs4404602, rs2084385, rs12808199, rs10021303, rs7112925, rs10494067, rs3753242, rs10074258, rs11767557, rs1859156, rs1379659, rs16826658, rs7702057, rs4282339, rs768048, rs7905537, rs12643654, rs2659546, rs7504990, rs6122972, rs2283792, rs10243024, rs4236644, rs11243676, rs3889237, rs10932886, rs2032794, rs1746048
path:hsa04370	VEGF signaling pathway - Homo sapiens (human)	rs3889237, rs2659546, rs477895, rs4132509, rs9472138, rs2283792
path:hsa04371	Apelin signaling pathway - Homo sapiens (human)	rs744910, rs6056209, rs263238, rs12883884, rs815815, rs1869901, rs1366594, rs10491334, rs10495928, rs7805747, rs7795096, rs1926203, rs4132509, rs17036350, rs2273061, rs2877716, rs2306677, rs180515, rs2819770, rs291353, rs999943, rs2819742, rs2283792, rs9929218, rs6118083, rs2229116, rs2601828, rs2306374, rs7554607, rs4795067
path:hsa04380	Osteoclast differentiation - Homo sapiens (human)	rs3018362, rs12720356, rs2413583, rs1801274, rs484959, rs10491334, rs7253363, rs280519, rs4355801, rs7647307, rs4132509, rs4821544, rs8016947, rs9594759, rs9594738, rs2659546, rs968451, rs2957128, rs2066808, rs2283792, rs1800693, rs290986, rs4601609, rs6469804, rs7665090, rs6993813
path:hsa04390	Hippo signaling pathway - Homo sapiens (human)	rs7140150, rs744910, rs415430, rs956237, rs7901695, rs10021303, rs7903146, rs4444235, rs7153703, rs3753242, rs1859156, rs16826658, rs12198986, rs12431733, rs11611647, rs1006973, rs4238010, rs2074404, rs7349332, rs4944092, rs7905537, rs3885683, rs2786098, rs152528, rs3218097, rs967417, rs11968166, rs1864982, rs10501570, rs11695685, rs6122972, rs9929218, rs17148090, rs10898392, rs4939827, rs9642880
path:hsa04392	Hippo signaling pathway - multiple species - Homo sapiens (human)	rs7140150, rs7153703, rs1395241, rs12639834, rs1006973
path:hsa04510	Focal adhesion - Homo sapiens (human)	rs7077361, rs3914132, rs12198173, rs1551943, rs185819, rs1054627, rs12621278, rs17157903, rs4132509, rs4238010, rs7341475, rs525410, rs3218097, rs477895, rs11968166, rs12344583, rs3742207, rs2283792, rs8023445, rs4298437, rs10243024, rs10895547, rs4601609, rs2114039, rs3780792, rs2084385, rs2158836, rs7319311, rs3807989, rs197770, rs5742692, rs2268983, rs11611647, rs2269426, rs2275215, rs11979158, rs7677751, rs1150754, rs17086609, rs3743200, rs3889237, rs441051, rs4925386, rs9472138
path:hsa04512	ECM-receptor interaction - Homo sapiens (human)	rs7077361, rs3914132, rs13236689, rs2158836, rs12198173, rs7319311, rs1551943, rs185819, rs197770, rs1054627, rs12621278, rs17157903, rs6065, rs2269426, rs7341475, rs2275215, rs525410, rs1150754, rs3742207, rs4298437, rs441051, rs4925386, rs1008953
path:hsa04514	Cell adhesion molecules (CAMs) - Homo sapiens (human)	rs9271366, rs2568958, rs987870, rs4468878, rs7775228, rs10146997, rs310501, rs3077, rs12621278, rs4819388, rs6457617, rs7255066, rs3129890, rs1569476, rs10489849, rs2523608, rs11150610, rs3135363, rs10871290, rs1008953, rs9357152, rs2826891, rs2860580, rs10484561, rs13192471, rs6547705, rs6074022, rs12808199, rs2298574, rs10494067, rs9500927, rs197770, rs9275698, rs13074924, rs3135338, rs6136, rs231735, rs12141391, rs6903608, rs1799969, rs9282641, rs10484554, rs7765379, rs7077361, rs9277535, rs2523809, rs4713693, rs2856718, rs3129055, rs8038465, rs9468925, rs2247056, rs3177980, rs9929218, rs1024161, rs762421, rs13437082, rs944260, rs2647012, rs6504218, rs4925189, rs5498, rs9275572, rs1970546, rs17001239, rs2647044, rs3129882, rs2858331, rs1335532, rs1474747, rs7774434, rs3093030, rs9888739, rs11088859, rs12279261, rs763361, rs11243676, rs660895, rs4675374, rs1436109, rs9264942
path:hsa04520	Adherens junction - Homo sapiens (human)	rs7905537, rs744910, rs11979158, rs956237, rs7903146, rs11695685, rs2283792, rs9929218, rs10243024, rs757978, rs2268983, rs891088, rs7901695, rs2115386
path:hsa04530	Tight junction - Homo sapiens (human)	rs2934442, rs11906160, rs4821469, rs735854, rs3764640, rs7805747, rs10495928, rs3753242, rs7795096, rs17001239, rs2268983, rs16886165, rs7905537, rs3885683, rs1864982, rs10501570, rs6122972, rs17148090, rs10898392, rs4601609, rs889312, rs10876993
path:hsa04540	Gap junction - Homo sapiens (human)	rs6056209, rs710841, rs263238, rs12593813, rs1869901, rs7922491, rs2877716, rs3796804, rs2306677, rs11979158, rs10831496, rs999943, rs7677751, rs2782980, rs11214606, rs2283792, rs10895547, rs6118083, rs3889237, rs2241423, rs2601828, rs2114039, rs82625, rs11154022
path:hsa04550	Signaling pathways regulating pluripotency of stem cells - Homo sapiens (human)	rs744910, rs6941421, rs10021303, rs2650000, rs10850409, rs7310409, rs10758669, rs4444235, rs5742692, rs1859156, rs4132509, rs16826658, rs12431733, rs735396, rs744166, rs2074404, rs7349332, rs4944092, rs2300478, rs11897119, rs7305618, rs2981579, rs1219648, rs3130501, rs5945326, rs11067228, rs7193343, rs2283792, rs1713985, rs7789197, rs415430, rs9642880
path:hsa04610	Complement and coagulation cascades - Homo sapiens (human)	rs10033900, rs7586970, rs2731672, rs710446, rs6701713, rs3818361, rs6677604, rs11150610, rs9888739, rs783147, rs867186, rs749005, rs1329428, rs569214, rs11574637, rs3813948, rs6056, rs12034383
path:hsa04611	Platelet activation - Homo sapiens (human)	rs6056209, rs710841, rs263238, rs1869901, rs1801274, rs3753242, rs7922491, rs6056, rs2877716, rs4132509, rs3796804, rs6065, rs2306677, rs999943, rs786870, rs8035957, rs2283792, rs290986, rs441051, rs2601828, rs6118083
path:hsa04612	Antigen processing and presentation - Homo sapiens (human)	rs9271366, rs987870, rs2647012, rs7775228, rs13192471, rs2523809, rs9277535, rs4713693, rs6547705, rs9275572, rs9500927, rs3077, rs9275698, rs3135338, rs6457617, rs2647044, rs3129882, rs2856718, rs2858331, rs3129055, rs4781011, rs3129890, rs7774434, rs2523608, rs9468925, rs2247056, rs6903608, rs3135363, rs660895, rs10484554, rs13437082, rs9357152, rs2860580, rs9264942, rs7765379, rs10484561
path:hsa04614	Renin-angiotensin system - Homo sapiens (human)	rs4329, rs1403543, rs4343
path:hsa04620	Toll-like receptor signaling pathway - Homo sapiens (human)	rs10045431, rs2413583, rs6441286, rs485499, rs17810546, rs968451, rs6074022, rs4796217, rs2546890, rs4728142, rs2283792, rs10133111, rs9282641, rs4601609, rs4132509, rs7665090, rs3213094, rs8016947
path:hsa04621	NOD-like receptor signaling pathway - Homo sapiens (human)	rs610604, rs2241880, rs12720356, rs6056209, rs2413583, rs4077515, rs2076756, rs1869901, rs9302752, rs4315565, rs1772408, rs280519, rs10133111, rs2306677, rs1801725, rs8016947, rs10781500, rs3792109, rs4815617, rs999943, rs968451, rs2066808, rs2283792, rs4333130, rs2327832, rs2230926, rs6118083, rs40457, rs1539019, rs4601609, rs5743289, rs7665090
path:hsa04622	RIG-I-like receptor signaling pathway - Homo sapiens (human)	rs10045431, rs6441286, rs485499, rs17810546, rs8016947, rs4815617, rs2546890, rs1990760, rs10133111, rs889312, rs7665090, rs3213094, rs16886165
path:hsa04623	Cytosolic DNA-sensing pathway - Homo sapiens (human)	rs1342326, rs2562519, rs4815617, rs7665090, rs7097, rs2073145, rs4796217, rs8016947
path:hsa04625	C-type lectin receptor signaling pathway - Homo sapiens (human)	rs224278, rs6441286, rs1950500, rs485499, rs17810546, rs815815, rs4077515, rs3024505, rs7238078, rs4132509, rs2306677, rs3213094, rs8016947, rs10045431, rs10781500, rs2659546, rs999943, rs2070729, rs2546890, rs2066808, rs2283792, rs290986, rs4601609, rs2306374, rs3817198, rs1539019, rs7665090
path:hsa04630	JAK-STAT signaling pathway - Homo sapiens (human)	rs17083844, rs12720356, rs11107116, rs6441286, rs7574865, rs485499, rs17810546, rs706779, rs2075726, rs3024505, rs11209026, rs10758669, rs2284033, rs20541, rs280519, rs3790567, rs17036350, rs4132509, rs1893217, rs13188386, rs3213094, rs744166, rs4238010, rs10045431, rs3806932, rs17066096, rs3218097, rs2104286, rs11968166, rs2546890, rs2066808, rs7517847, rs1892534, rs4129267, rs2114039, rs979233, rs860413, rs3821236, rs3194051, rs2201841, rs6897932, rs11465804, rs1059513, rs12753193, rs7090512, rs4537545, rs11611647, rs1126757, rs1837253, rs12251307, rs11979158, rs1801275, rs167769, rs7677751, rs10889677, rs1321311, rs7911500, rs3118470, rs4143832, rs1295686, rs1341239, rs9642880
path:hsa04640	Hematopoietic cell lineage - Homo sapiens (human)	rs9271366, rs987870, rs7775228, rs13236689, rs2310173, rs3818361, rs6701713, rs706779, rs9277535, rs1551943, rs3077, rs12621278, rs6457617, rs6065, rs12034383, rs2856718, rs3129890, rs11150610, rs2104286, rs3135363, rs4129267, rs9357152, rs2647012, rs10484561, rs860413, rs3782181, rs13192471, rs3194051, rs6547705, rs6897932, rs995030, rs9275572, rs484959, rs9500927, rs7090512, rs9275698, rs4537545, rs12821256, rs3135338, rs2647044, rs3129882, rs1126757, rs2858331, rs12251307, rs7774434, rs1801275, rs3865444, rs6903608, rs9888739, rs7911500, rs3826656, rs3118470, rs4143832, rs660895, rs7765379
path:hsa04650	Natural killer cell mediated cytotoxicity - Homo sapiens (human)	rs3780792, rs2523809, rs2857595, rs4713693, rs3132468, rs5498, rs10999409, rs8192917, rs2596542, rs9471576, rs13278062, rs2523608, rs2248462, rs9468925, rs2659546, rs2247056, rs12344583, rs3093030, rs2234978, rs1853665, rs8023445, rs2283792, rs1799969, rs290986, rs2855812, rs864537, rs10484554, rs2056626, rs13437082, rs3889237, rs2860580, rs9264942
path:hsa04657	IL-17 signaling pathway - Homo sapiens (human)	rs610604, rs10137082, rs495366, rs2283792, rs20541, rs10133111, rs4143832, rs2327832, rs2230926, rs4601609, rs1295686, rs2823455, rs7665090, rs8016947
path:hsa04658	Th1 and Th2 cell differentiation - Homo sapiens (human)	rs9271366, rs12720356, rs987870, rs6441286, rs7775228, rs7574865, rs485499, rs17810546, rs706779, rs9277535, rs10903122, rs10758669, rs2284033, rs20541, rs280519, rs3077, rs3790567, rs2273061, rs6457617, rs3213094, rs2856718, rs10045431, rs3129890, rs2104286, rs2546890, rs3135363, rs2283792, rs4601609, rs9357152, rs2647012, rs10484561, rs3821236, rs13192471, rs7498403, rs9275572, rs1059513, rs9500927, rs7090512, rs9275698, rs1424233, rs3135338, rs2647044, rs3129882, rs2858331, rs8016947, rs12251307, rs7774434, rs1801275, rs2659546, rs167769, rs6903608, rs501764, rs7911500, rs3118470, rs4143832, rs864537, rs660895, rs2056626, rs1295686, rs7665090, rs7765379
path:hsa04659	Th17 cell differentiation - Homo sapiens (human)	rs9271366, rs12720356, rs987870, rs9290936, rs7775228, rs9277535, rs706779, rs744910, rs11209026, rs10758669, rs2284033, rs339969, rs285480, rs280519, rs1033180, rs3077, rs10800098, rs17036350, rs6457617, rs744166, rs2856718, rs7626795, rs3129890, rs2104286, rs3135363, rs7517847, rs2283792, rs4601609, rs3743266, rs4129267, rs9357152, rs872071, rs12203592, rs2647012, rs11071559, rs10484561, rs13192471, rs2201841, rs9275572, rs11465804, rs9500927, rs1059513, rs7090512, rs9275698, rs4537545, rs3135338, rs2647044, rs3129882, rs2858331, rs8016947, rs12251307, rs809736, rs7774434, rs340029, rs1801275, rs167769, rs2659546, rs10889677, rs6903608, rs501764, rs7911500, rs3118470, rs864537, rs660895, rs3784609, rs2056626, rs7665090, rs7765379
path:hsa04660	T cell receptor signaling pathway - Homo sapiens (human)	rs3780792, rs2084385, rs6547705, rs3024505, rs7238078, rs4132509, rs231735, rs8016947, rs2659546, rs12344583, rs8035957, rs1024161, rs2283792, rs4143832, rs864537, rs4601609, rs2056626, rs4675374, rs7665090, rs10876993
path:hsa04662	B cell receptor signaling pathway - Homo sapiens (human)	rs3780792, rs2659546, rs12344583, rs2283792, rs7238078, rs290986, rs4601609, rs4132509, rs7665090, rs8016947
path:hsa04664	Fc epsilon RI signaling pathway - Homo sapiens (human)	rs3780792, rs12344583, rs2283792, rs20541, rs4143832, rs290986, rs3889237, rs1295686, rs4132509, rs2251746
path:hsa04666	Fc gamma R-mediated phagocytosis - Homo sapiens (human)	rs169082, rs3780792, rs6001027, rs7561528, rs1801274, rs12344583, rs12989701, rs2283792, rs738322, rs10495928, rs290986, rs1109670, rs744373, rs3889237, rs4132509, rs2284063, rs180515
path:hsa04668	TNF signaling pathway - Homo sapiens (human)	rs610604, rs495366, rs7025486, rs2413583, rs2076756, rs9302752, rs5498, rs484959, rs10133111, rs4132509, rs2273061, rs8016947, rs3771166, rs538147, rs968451, rs2070729, rs3093030, rs2237349, rs2283792, rs1800693, rs1799969, rs2327832, rs2230926, rs3761847, rs4601609, rs5743289, rs2234978, rs7665090
path:hsa04670	Leukocyte transendothelial migration - Homo sapiens (human)	rs6504218, rs882300, rs1746048, rs3780792, rs11150610, rs2268983, rs3093030, rs12344583, rs5498, rs11695685, rs9888739, rs1799969, rs3889237, rs17001239, rs4821544
path:hsa04672	Intestinal immune network for IgA production - Homo sapiens (human)	rs882300, rs9271366, rs987870, rs7775228, rs9277535, rs13192471, rs6074022, rs3024505, rs9275572, rs9500927, rs3077, rs4819388, rs9275698, rs3135338, rs6457617, rs3129882, rs2647044, rs2856718, rs4273077, rs2858331, rs3129890, rs7774434, rs6903608, rs3135363, rs4143832, rs9282641, rs7765379, rs660895, rs3803800, rs762421, rs4675374, rs9357152, rs1746048, rs2647012, rs10484561
path:hsa04710	Circadian rhythm - Homo sapiens (human)	rs809736, rs340029, rs6442925, rs339969, rs7805747, rs7795096, rs3743266, rs3784609, rs11071559
path:hsa04713	Circadian entrainment - Homo sapiens (human)	rs4764043, rs6056209, rs710841, rs263238, rs4764039, rs1127065, rs815815, rs1869901, rs1387153, rs4657178, rs12658202, rs2160519, rs7922491, rs2877716, rs3796804, rs12143842, rs291353, rs216013, rs2819770, rs2166706, rs1415259, rs1447352, rs999943, rs2819742, rs2880058, rs2283792, rs6118083, rs2229116, rs2601828, rs12029454, rs3889237, rs7554607
path:hsa04714	Thermogenesis - Homo sapiens (human)	rs710841, rs263238, rs2237349, rs7805747, rs10748128, rs2651899, rs2601828, rs7795096, rs7922491, rs17036350, rs3796804, rs2877716, rs180515
path:hsa04720	Long-term potentiation - Homo sapiens (human)	rs4764043, rs6056209, rs10831496, rs263238, rs2659546, rs1127065, rs4764039, rs1869901, rs815815, rs999943, rs2283792, rs12658202, rs2160519, rs10491334, rs3889237, rs6118083, rs2306677, rs216013
path:hsa04721	Synaptic vesicle cycle - Homo sapiens (human)	rs1897031, rs10518765, rs10455248, rs10774021, rs6695567, rs12608932, rs678962, rs3800569, rs183211, rs10121009, rs199533, rs9990174, rs2502731, rs1011731
path:hsa04722	Neurotrophin signaling pathway - Homo sapiens (human)	rs2153960, rs12593813, rs1127065, rs815815, rs7578326, rs10491334, rs10748128, rs4132509, rs3805236, rs7209435, rs16886165, rs8016947, rs477895, rs2283792, rs8023445, rs2943641, rs7587928, rs9806762, rs40457, rs4601609, rs2241423, rs9480865, rs3184504, rs889312, rs7665090, rs6265
path:hsa04723	Retrograde endocannabinoid signaling - Homo sapiens (human)	rs291353, rs6056209, rs10831496, rs263238, rs2281845, rs999943, rs10455248, rs1869901, rs8043440, rs12658202, rs2283792, rs12201676, rs6118083, rs3889237, rs2601828, rs2877716, rs2306677, rs216013
path:hsa04724	Glutamatergic synapse - Homo sapiens (human)	rs4764043, rs6056209, rs263238, rs4764039, rs1869901, rs17864092, rs9870680, rs11971186, rs12658202, rs2160519, rs17691394, rs2877716, rs2306677, rs216013, rs291353, rs12797755, rs363512, rs10831496, rs2659546, rs999943, rs7713917, rs6695567, rs2283792, rs8099939, rs6118083, rs3889237, rs2601828, rs12207601
path:hsa04725	Cholinergic synapse - Homo sapiens (human)	rs6056209, rs2281845, rs263238, rs2237878, rs1127065, rs1051730, rs1869901, rs10758669, rs10491334, rs4132509, rs2877716, rs12576239, rs4640244, rs2306677, rs216013, rs291353, rs179429, rs12914385, rs2237886, rs999943, rs8042374, rs2237349, rs2283792, rs163182, rs6118083, rs3889237, rs2601828, rs2237892, rs950776, rs8079702
path:hsa04726	Serotonergic synapse - Homo sapiens (human)	rs6056209, rs2281845, rs1869901, rs8043440, rs2877716, rs4086116, rs3995090, rs2306677, rs1057910, rs291353, rs3027409, rs216013, rs12772169, rs12767583, rs999943, rs2185570, rs2283792, rs6118083, rs3889237, rs10509680
path:hsa04727	GABAergic synapse - Homo sapiens (human)	rs291353, rs2281845, rs263238, rs8043440, rs10774021, rs29232, rs3889237, rs183211, rs2601828, rs7595412, rs2877716, rs199533, rs9990174, rs13398206, rs12201676, rs216013
path:hsa04728	Dopaminergic synapse - Homo sapiens (human)	rs4764043, rs6056209, rs4764039, rs1127065, rs815815, rs1869901, rs12658202, rs2160519, rs4132509, rs2877716, rs2306677, rs216013, rs291353, rs3027409, rs2659546, rs999943, rs11158493, rs1864982, rs2237349, rs11214606, rs6118083, rs3889237
path:hsa04730	Long-term depression - Homo sapiens (human)	rs9303521, rs6056209, rs1182188, rs798544, rs999943, rs710841, rs1869901, rs12658202, rs2283792, rs798497, rs3889237, rs6118083, rs5742692, rs7922491, rs393152, rs3796804, rs2306677
path:hsa04740	Olfactory transduction - Homo sapiens (human)	rs710841, rs517811, rs12883884, rs1127065, rs815815, rs7927370, rs6687840, rs1497546, rs12896399, rs4481887, rs7922491, rs1397048, rs3796804, rs12418204, rs16868941
path:hsa04742	Taste transduction - Homo sapiens (human)	rs263238, rs12063142, rs999943, rs1869901, rs603424, rs29232, rs216013
path:hsa04744	Phototransduction - Homo sapiens (human)	rs815815
path:hsa04750	Inflammatory mediator regulation of TRP channels - Homo sapiens (human)	rs4613763, rs6056209, rs9290936, rs263238, rs6001027, rs1127065, rs815815, rs1869901, rs710446, rs10495928, rs10166942, rs5742692, rs2877716, rs2284063, rs2306677, rs7626795, rs999943, rs738322, rs6118083, rs3889237, rs2601828
path:hsa04810	Regulation of actin cytoskeleton - Homo sapiens (human)	rs882300, rs7077361, rs3780792, rs2084385, rs710446, rs4821469, rs735854, rs4338740, rs1551943, rs3110496, rs798497, rs1458038, rs197770, rs12621278, rs9805786, rs798544, rs2268983, rs7111341, rs152528, rs11979158, rs1182188, rs11150610, rs7677751, rs1219648, rs12344583, rs2121875, rs2981579, rs9888739, rs2283792, rs10895547, rs17369571, rs11574637, rs2306374, rs2114039, rs1746048
path:hsa04910	Insulin signaling pathway - Homo sapiens (human)	rs560887, rs11107116, rs730497, rs815815, rs7798500, rs2755237, rs2126259, rs7072268, rs7578326, rs7805747, rs3753242, rs7795096, rs3757840, rs4132509, rs17036350, rs1402837, rs180515, rs7111341, rs11868035, rs13224682, rs477895, rs2283792, rs8023445, rs2943641, rs4607517, rs891088, rs2115386
path:hsa04911	Insulin secretion - Homo sapiens (human)	rs6056209, rs730497, rs263238, rs10919071, rs1127065, rs2281845, rs1869901, rs4979906, rs3757840, rs2877716, rs13376333, rs2819770, rs7111341, rs5215, rs216013, rs999943, rs2819742, rs2237349, rs4607517, rs6118083, rs3889237, rs2601828, rs5219, rs7554607
path:hsa04912	GnRH signaling pathway - Homo sapiens (human)	rs6056209, rs2281845, rs263238, rs1127065, rs815815, rs1869901, rs2877716, rs2306677, rs7209435, rs16886165, rs216013, rs11979158, rs999943, rs2283792, rs6118083, rs3889237, rs2601828, rs4601609, rs889312
path:hsa04913	Ovarian steroidogenesis - Homo sapiens (human)	rs11057830, rs2228671, rs263238, rs7591064, rs11668477, rs6511720, rs2470893, rs13405728, rs2305707, rs5742692, rs2899472, rs2877716, rs12198986, rs2268363, rs7111341, rs17115100, rs2601828, rs4765623, rs891088, rs2115386
path:hsa04914	Progesterone-mediated oocyte maturation - Homo sapiens (human)	rs7111341, rs263238, rs2283792, rs17763373, rs2069408, rs1493682, rs5742692, rs2601828, rs4132509, rs783540, rs2877716, rs359457
path:hsa04915	Estrogen signaling pathway - Homo sapiens (human)	rs6056209, rs263238, rs6902771, rs815815, rs1869901, rs543650, rs4132509, rs2877716, rs2306677, rs11979158, rs1547374, rs999943, rs1999805, rs2237349, rs2283792, rs8023445, rs29232, rs6118083, rs4601609, rs2601828, rs2504063, rs454305
path:hsa04916	Melanogenesis - Homo sapiens (human)	rs6056209, rs3782181, rs263238, rs1042602, rs1127065, rs815815, rs1869901, rs956237, rs7903146, rs995030, rs7647307, rs12821256, rs16826658, rs2877716, rs7901695, rs2074404, rs1393350, rs7349332, rs4944092, rs4785763, rs154659, rs2283792, rs6118083, rs3889237, rs2601828, rs415430, rs1847134
path:hsa04917	Prolactin signaling pathway - Homo sapiens (human)	rs3018362, rs17083844, rs2153960, rs11107116, rs730497, rs6902771, rs13405728, rs10758669, rs543650, rs4132509, rs3757840, rs11611647, rs4238010, rs744166, rs7111341, rs9594759, rs9594738, rs2070729, rs1999805, rs2957128, rs17115100, rs2283792, rs8023445, rs4607517, rs2504063, rs9480865, rs1341239, rs7665090
path:hsa04918	Thyroid hormone synthesis - Homo sapiens (human)	rs6056209, rs10919071, rs263238, rs999943, rs1869901, rs8017455, rs2237349, rs1667255, rs17111394, rs830998, rs2544390, rs3889237, rs6118083, rs12101261, rs2601828, rs2877716, rs2306677
path:hsa04919	Thyroid hormone signaling pathway - Homo sapiens (human)	rs6056209, rs548097, rs404860, rs10770705, rs6902771, rs9310736, rs1869901, rs10919071, rs2755237, rs365990, rs285480, rs4444235, rs11065611, rs3781264, rs543650, rs10800098, rs8028182, rs4132509, rs17036350, rs443198, rs12431733, rs2274223, rs16826658, rs7315438, rs9296015, rs477895, rs1999805, rs2283792, rs3765524, rs6118083, rs3889237, rs3131296, rs2504063, rs9642880
path:hsa04920	Adipocytokine signaling pathway - Homo sapiens (human)	rs560887, rs13236689, rs7578326, rs10758669, rs3764640, rs285480, rs7805747, rs1648707, rs7795096, rs12753193, rs10800098, rs266717, rs4132509, rs1402837, rs17036350, rs744166, rs8016947, rs12230440, rs2943641, rs1800693, rs1892534, rs7665090
path:hsa04921	Oxytocin signaling pathway - Homo sapiens (human)	rs6056209, rs1950500, rs263238, rs2281845, rs12593813, rs1127065, rs1869901, rs815815, rs1366594, rs10491334, rs7805747, rs7795096, rs7069923, rs2877716, rs2306677, rs4640244, rs2070615, rs2819770, rs216013, rs11979158, rs2659546, rs999943, rs2819742, rs1321311, rs2283792, rs6118083, rs2229116, rs2241423, rs2601828, rs7076247, rs3889237, rs4601609, rs7554607, rs8079702
path:hsa04922	Glucagon signaling pathway - Homo sapiens (human)	rs560887, rs6056209, rs730497, rs1127065, rs815815, rs1869901, rs2755237, rs7805747, rs2896526, rs7795096, rs4132509, rs3757840, rs1402837, rs2306677, rs2659546, rs999943, rs2237349, rs4607517, rs6118083
path:hsa04923	Regulation of lipolysis in adipocytes - Homo sapiens (human)	rs7111341, rs710841, rs263238, rs891088, rs3796804, rs8017455, rs7578326, rs2782980, rs17111394, rs2943641, rs2877716, rs12101261, rs2601828, rs7922491, rs4132509, rs82625, rs2115386
path:hsa04924	Renin secretion - Homo sapiens (human)	rs4613763, rs6056209, rs2281845, rs6842241, rs710841, rs815815, rs1869901, rs10841496, rs4979906, rs2877716, rs3796804, rs2306677, rs216013, rs4329, rs2659546, rs4343, rs999943, rs1348582, rs2782980, rs6118083, rs11611208, rs8079702, rs82625
path:hsa04925	Aldosterone synthesis and secretion - Homo sapiens (human)	rs2228671, rs11057830, rs6056209, rs2281845, rs263238, rs11668477, rs6511720, rs1127065, rs1869901, rs10919071, rs815815, rs425105, rs10491334, rs10495928, rs2681472, rs2877716, rs6807064, rs2306677, rs2681492, rs216013, rs11083846, rs999943, rs2237349, rs17291650, rs6118083, rs3889237, rs2601828, rs4765623, rs12418204
path:hsa04926	Relaxin signaling pathway - Homo sapiens (human)	rs11880198, rs744910, rs6056209, rs263238, rs1869901, rs7319311, rs3753242, rs1926203, rs4132509, rs2877716, rs8016947, rs291353, rs11979158, rs3742207, rs2237349, rs2283792, rs8023445, rs6118083, rs441051, rs2601828, rs3889237, rs4601609, rs7665090, rs9472138, rs4795067
path:hsa04927	Cortisol synthesis and secretion - Homo sapiens (human)	rs11057830, rs2228671, rs6056209, rs2281845, rs263238, rs11668477, rs999943, rs6511720, rs1869901, rs2237349, rs17115100, rs6118083, rs2601828, rs6670655, rs4765623, rs2877716, rs2306677, rs216013
path:hsa04928	Parathyroid hormone synthesis, secretion and action - Homo sapiens (human)	rs6056209, rs263238, rs1869901, rs1366594, rs2248359, rs10052657, rs285480, rs798497, rs10800098, rs798544, rs2877716, rs1823068, rs2306677, rs1801725, rs6420094, rs9594759, rs1588265, rs11979158, rs1182188, rs3736228, rs9594738, rs702543, rs999943, rs501764, rs6028945, rs1321311, rs2283792, rs1513670, rs2237349, rs6118083, rs3889237, rs2601828, rs1555322, rs10493389
path:hsa04930	Type II diabetes mellitus - Homo sapiens (human)	rs11107116, rs730497, rs7578326, rs7072268, rs10495928, rs1648707, rs3753242, rs266717, rs3757840, rs17036350, rs216013, rs7111341, rs5215, rs2283792, rs2943641, rs4607517, rs5219, rs891088, rs2115386
path:hsa04931	Insulin resistance - Homo sapiens (human)	rs560887, rs32579, rs7120118, rs548097, rs11666579, rs13236689, rs2755237, rs2126259, rs7578326, rs7805747, rs10495928, rs3753242, rs7795096, rs4132509, rs17036350, rs1402837, rs180515, rs744166, rs7111341, rs8016947, rs11868035, rs7665090, rs2237349, rs1800693, rs2943641, rs6051520, rs891088, rs2115386
path:hsa04932	Non-alcoholic fatty liver disease (NAFLD) - Homo sapiens (human)	rs7120118, rs7578326, rs7805747, rs1648707, rs12753193, rs7795096, rs266717, rs4132509, rs4537545, rs7111341, rs11868035, rs7665090, rs12230440, rs1800693, rs2943641, rs4601609, rs1892534, rs4129267, rs2234978, rs891088, rs2115386
path:hsa04933	AGE-RAGE signaling pathway in diabetic complications - Homo sapiens (human)	rs744910, rs6056209, rs1869901, rs7319311, rs2755237, rs5498, rs10758669, rs10495928, rs3753242, rs3781264, rs2274223, rs4132509, rs744166, rs3093030, rs3742207, rs2283792, rs3765524, rs1799969, rs6118083, rs441051, rs3889237, rs4601609, rs2070600, rs7665090, rs9472138, rs10876993
path:hsa04934	Cushing syndrome - Homo sapiens (human)	rs2228671, rs11057830, rs6056209, rs956237, rs6511720, rs1127065, rs1869901, rs7903146, rs2877716, rs16826658, rs7901695, rs216013, rs4944092, rs2237349, rs17115100, rs2283792, rs6118083, rs2601828, rs8102137, rs393152, rs445, rs4765623, rs415430, rs6670655, rs2281845, rs263238, rs11668477, rs1063192, rs2069408, rs2306677, rs2074404, rs7349332, rs9303521, rs11979158, rs999943, rs2282978, rs1321311, rs2517388, rs10876993
path:hsa04940	Type I diabetes mellitus - Homo sapiens (human)	rs9271366, rs987870, rs6441286, rs7775228, rs485499, rs17810546, rs2523809, rs4713693, rs9277535, rs3077, rs6457617, rs3213094, rs2856718, rs3129055, rs7111341, rs10045431, rs3129890, rs2523608, rs9468925, rs2247056, rs2546890, rs3135363, rs13437082, rs9357152, rs2234978, rs2860580, rs2647012, rs10484561, rs13192471, rs10999409, rs9275572, rs8192917, rs9500927, rs9275698, rs3135338, rs2647044, rs3129882, rs2858331, rs7774434, rs6903608, rs9282641, rs660895, rs10484554, rs9264942, rs7765379
path:hsa04950	Maturity onset diabetes of the young - Homo sapiens (human)	rs7111341, rs339331, rs730497, rs1111875, rs7923837, rs2650000, rs7305618, rs4812829, rs5015480, rs4430796, rs3790844, rs7310409, rs1800961, rs4607517, rs3757840, rs7501939, rs735396
path:hsa04960	Aldosterone-regulated sodium reabsorption - Homo sapiens (human)	rs7111341, rs10919071, rs1490453, rs7578326, rs2283792, rs2943641, rs3889237, rs5742692, rs891088, rs2115386
path:hsa04961	Endocrine and other factor-regulated calcium reabsorption - Homo sapiens (human)	rs6056209, rs10919071, rs6902771, rs1869901, rs1999805, rs678962, rs2681472, rs3889237, rs543650, rs2601828, rs2504063, rs6118083, rs2681492, rs2502731, rs1011731
path:hsa04962	Vasopressin-regulated water reabsorption - Homo sapiens (human)	rs2967605, rs183211, rs2601828, rs4906172, rs199533, rs2237349, rs10871454
path:hsa04964	Proximal tubule bicarbonate reclamation - Homo sapiens (human)	rs10919071
path:hsa04966	Collecting duct acid secretion - Homo sapiens (human)	rs3800569, rs4580814
path:hsa04970	Salivary secretion - Homo sapiens (human)	rs6056209, rs2900174, rs263238, rs10919071, rs710841, rs815815, rs1869901, rs6138150, rs2681472, rs4979906, rs7922491, rs2877716, rs3796804, rs6807064, rs2306677, rs1109501, rs4538475, rs2681492, rs999943, rs2782980, rs10089, rs6118083, rs2229116, rs2601828, rs3889237, rs82625, rs4698412
path:hsa04971	Gastric acid secretion - Homo sapiens (human)	rs6056209, rs10919071, rs2237878, rs1127065, rs815815, rs1869901, rs263238, rs2877716, rs12576239, rs2306677, rs179429, rs2237886, rs999943, rs163182, rs2237892, rs3889237, rs8079702, rs2601828, rs6118083
path:hsa04972	Pancreatic secretion - Homo sapiens (human)	rs6056209, rs263238, rs10919071, rs2237878, rs1869901, rs2681472, rs11065611, rs4979906, rs2877716, rs6807064, rs12576239, rs2306677, rs2681492, rs2819770, rs4538475, rs3750965, rs179429, rs2237886, rs999943, rs2819742, rs2285714, rs163182, rs10089, rs6118083, rs3889237, rs2108225, rs2601828, rs2237892, rs7554607, rs4698412
path:hsa04973	Carbohydrate digestion and absorption - Homo sapiens (human)	rs560887, rs10919071, rs12063142, rs4132509, rs1402837, rs7072268, rs1869901
path:hsa04974	Protein digestion and absorption - Homo sapiens (human)	rs7077164, rs2270676, rs10919071, rs179429, rs12883884, rs2237878, rs2237886, rs7044529, rs3742207, rs7319311, rs163182, rs1227756, rs2237892, rs441051, rs946053, rs8101881, rs12576239, rs10874639
path:hsa04975	Fat digestion and absorption - Homo sapiens (human)	rs11057830, rs673548, rs693, rs4149268, rs2515629, rs13236689, rs2575876, rs4299376, rs6754295, rs12686004, rs541041, rs6544713, rs6756629, rs2285714, rs4765623, rs3905000
path:hsa04976	Bile secretion - Homo sapiens (human)	rs11057830, rs2228671, rs10919071, rs263238, rs11668477, rs6511720, rs6544713, rs16856332, rs11568563, rs3846662, rs2877716, rs4363657, rs552976, rs4148546, rs2231142, rs1926657, rs651164, rs6756629, rs1564348, rs4149081, rs2601828, rs1481012, rs4148441, rs4299376, rs4765623
path:hsa04977	Vitamin digestion and absorption - Homo sapiens (human)	rs11057830, rs673548, rs11254363, rs693, rs10508517, rs1801239, rs6754295, rs541041, rs6602175, rs4765623, rs7651039
path:hsa04978	Mineral absorption - Homo sapiens (human)	rs1049296, rs10919071, rs1867504, rs1799852, rs3811647, rs11240594, rs2681472, rs2108225, rs2681492, rs11144134
path:hsa04979	Cholesterol metabolism - Homo sapiens (human)	rs11057830, rs2228671, rs2515629, rs13236689, rs6511720, rs12708980, rs12686004, rs1466535, rs541041, rs6544713, rs10096633, rs1532085, rs4775031, rs1412444, rs673548, rs693, rs6756629, rs1532624, rs830998, rs6919346, rs6065904, rs11206510, rs4765623, rs4939883, rs12678919, rs4299376, rs4149268, rs11668477, rs1805081, rs6754295, rs10468017, rs1800775, rs16856332, rs11172113, rs9989419, rs1864163, rs3905000, rs552976, rs2083637, rs2575876, rs7499892, rs2544390, rs3825776, rs3757354, rs3764261
path:hsa05010	Alzheimer disease - Homo sapiens (human)	rs4764043, rs6056209, rs2281845, rs4764039, rs242557, rs1869901, rs815815, rs1466535, rs8070723, rs2160519, rs11065611, rs356220, rs10096633, rs11172113, rs2736990, rs2306677, rs2083637, rs216013, rs2659546, rs477895, rs999943, rs2283792, rs1800693, rs6118083, rs2229116, rs11931074, rs2234978, rs12678919
path:hsa05012	Parkinson disease - Homo sapiens (human)	rs11931074, rs356220, rs4821112, rs2877716, rs2736990, rs5754217, rs11214606
path:hsa05014	Amyotrophic lateral sclerosis (ALS) - Homo sapiens (human)	rs4764043, rs2659546, rs477895, rs4764039, rs10875943, rs2160519, rs12658202, rs1800693, rs157580, rs2075650
path:hsa05016	Huntington disease - Homo sapiens (human)	rs4764043, rs6056209, rs368331, rs4764039, rs1869901, rs2160519, rs237238, rs6761, rs8028182, rs4487645, rs10831496, rs12670798, rs2237349, rs7715811, rs1167796, rs6118083, rs7219585, rs6554809, rs1713985, rs6265
path:hsa05020	Prion diseases - Homo sapiens (human)	rs11088859, rs6107516, rs2826891, rs1436109, rs12279261, rs2283792, rs6052699
path:hsa05030	Cocaine addiction - Homo sapiens (human)	rs4764043, rs3027409, rs4764039, rs2237349, rs11214606, rs2160519, rs4601609, rs6265, rs2877716, rs7665090
path:hsa05031	Amphetamine addiction - Homo sapiens (human)	rs4764043, rs3027409, rs2659546, rs1127065, rs4764039, rs815815, rs2237349, rs12658202, rs2160519, rs10491334, rs4601609, rs3889237, rs2877716, rs216013
path:hsa05032	Morphine addiction - Homo sapiens (human)	rs291353, rs1588265, rs263238, rs947583, rs702543, rs8043440, rs10841496, rs1348582, rs1823068, rs10052657, rs29232, rs3889237, rs11611208, rs2601828, rs2877716, rs12418204, rs12201676, rs10493389
path:hsa05033	Nicotine addiction - Homo sapiens (human)	rs4764043, rs4764039, rs2160519, rs8043440, rs12201676, rs12658202
path:hsa05034	Alcoholism - Homo sapiens (human)	rs4764043, rs4764039, rs815815, rs2160519, rs10491334, rs758642, rs13194491, rs2877716, rs11984041, rs2597513, rs3027409, rs291353, rs10484434, rs2237349, rs11214606, rs8023445, rs2283792, rs477687, rs6265
path:hsa05100	Bacterial invasion of epithelial cells - Homo sapiens (human)	rs11984075, rs13230047, rs3807989, rs11695685, rs9929218, rs8023445, rs678962, rs6845865, rs10488031, rs10243024, rs741301, rs3805236, rs2502731, rs1011731
path:hsa05110	Vibrio cholerae infection - Homo sapiens (human)	rs179429, rs2237878, rs2237886, rs10089, rs163182, rs3800569, rs2237892, rs3889237, rs2601828, rs12576239
path:hsa05120	Epithelial cell signaling in Helicobacter pylori infection - Homo sapiens (human)	rs11979158, rs1378942, rs3110496, rs10243024, rs3800569, rs4601609, rs17001239, rs7665090, rs8016947
path:hsa05130	Pathogenic Escherichia coli infection - Homo sapiens (human)	rs3889237, rs9929218
path:hsa05131	Shigellosis - Homo sapiens (human)	rs11984075, rs13230047, rs2076756, rs9302752, rs2283792, rs741301, rs40457, rs10488031, rs5743289, rs7665090, rs8016947
path:hsa05132	Salmonella infection - Homo sapiens (human)	rs4796217, rs735854, rs4821469, rs4906172, rs6699417, rs2283792, rs4601609, rs7665090, rs4795067
path:hsa05133	Pertussis - Homo sapiens (human)	rs6441286, rs485499, rs17810546, rs815815, rs11642873, rs3024505, rs3813948, rs3213094, rs10045431, rs305061, rs11150610, rs2070729, rs2546890, rs9888739, rs2283792, rs4601609, rs1539019, rs7665090, rs391525, rs4795067
path:hsa05134	Legionellosis - Homo sapiens (human)	rs10045431, rs6441286, rs485499, rs17810546, rs6701713, rs3818361, rs11150610, rs2546890, rs9888739, rs7665090, rs3213094, rs12034383, rs8016947
path:hsa05140	Leishmaniasis - Homo sapiens (human)	rs9271366, rs987870, rs6441286, rs7775228, rs485499, rs17810546, rs3818361, rs6701713, rs9277535, rs3024505, rs10758669, rs3077, rs6457617, rs4821544, rs12034383, rs2856718, rs10045431, rs3213094, rs3129890, rs11150610, rs968451, rs2546890, rs3135363, rs2283792, rs4601609, rs9357152, rs2647012, rs10484561, rs2413583, rs13192471, rs1801274, rs9275572, rs9500927, rs9275698, rs3135338, rs2647044, rs3129882, rs8016947, rs2858331, rs7774434, rs6903608, rs9888739, rs660895, rs7665090, rs7765379, rs4795067
path:hsa05142	Chagas disease (American trypanosomiasis) - Homo sapiens (human)	rs11880198, rs744910, rs6056209, rs6441286, rs485499, rs17810546, rs710446, rs1869901, rs3024505, rs4132509, rs3213094, rs8016947, rs10045431, rs4329, rs4343, rs1864982, rs2546890, rs2283792, rs1800693, rs6118083, rs864537, rs2056626, rs4601609, rs2234978, rs7665090, rs4795067
path:hsa05143	African trypanosomiasis - Homo sapiens (human)	rs10045431, rs6056209, rs6441286, rs2239785, rs485499, rs710446, rs17810546, rs1869901, rs3093030, rs3024505, rs5498, rs2546890, rs1799969, rs3889237, rs6118083, rs2234978, rs3213094, rs2000999
path:hsa05144	Malaria - Homo sapiens (human)	rs6504218, rs6441286, rs13236689, rs485499, rs17810546, rs6701713, rs3818361, rs3093030, rs1466535, rs5498, rs6074022, rs3024505, rs1569476, rs10243024, rs1799969, rs11172113, rs6136, rs12034383
path:hsa05145	Toxoplasmosis - Homo sapiens (human)	rs2228671, rs9271366, rs12720356, rs987870, rs6441286, rs7775228, rs485499, rs17810546, rs6511720, rs9277535, rs3024505, rs10758669, rs280519, rs3077, rs12621278, rs4132509, rs6457617, rs3213094, rs744166, rs2856718, rs10045431, rs3129890, rs7714584, rs525410, rs477895, rs968451, rs2546890, rs3135363, rs2283792, rs1800693, rs9357152, rs2647012, rs10484561, rs2413583, rs13192471, rs11668477, rs2158836, rs6074022, rs9275572, rs9500927, rs9275698, rs3135338, rs2647044, rs3129882, rs4781011, rs2858331, rs8016947, rs2275215, rs7774434, rs6903608, rs4925386, rs660895, rs7665090, rs7765379, rs4795067
path:hsa05146	Amoebiasis - Homo sapiens (human)	rs11880198, rs2807278, rs6056209, rs6441286, rs485499, rs17810546, rs2158836, rs1869901, rs7319311, rs3024505, rs2310173, rs2268983, rs3213094, rs10045431, rs2275215, rs525410, rs11150610, rs3742207, rs2546890, rs9888739, rs6118083, rs441051, rs3889237, rs4925386, rs7665090, rs4795067
path:hsa05150	Staphylococcus aureus infection - Homo sapiens (human)	rs10033900, rs9271366, rs987870, rs7775228, rs9277535, rs3024505, rs3077, rs6457617, rs2856718, rs3129890, rs1569476, rs7236477, rs11150610, rs3135363, rs9357152, rs2647012, rs10484561, rs13192471, rs6677604, rs1801274, rs5498, rs783147, rs9275572, rs9500927, rs1329428, rs9275698, rs3135338, rs3129882, rs2647044, rs6136, rs2858331, rs7774434, rs3093030, rs6903608, rs9888739, rs1799969, rs660895, rs7765379
path:hsa05152	Tuberculosis - Homo sapiens (human)	rs9271366, rs987870, rs6441286, rs7775228, rs485499, rs17810546, rs3818361, rs6701713, rs1127065, rs3024505, rs815815, rs9277535, rs10758669, rs7238078, rs3077, rs4132509, rs6457617, rs3213094, rs12034383, rs2856718, rs10045431, rs10781500, rs3129890, rs477895, rs11150610, rs2546890, rs3135363, rs2283792, rs1800693, rs290986, rs5743289, rs3817198, rs2437258, rs9357152, rs2647012, rs10484561, rs4077515, rs13192471, rs2076756, rs1801274, rs9302752, rs9275572, rs3800569, rs9500927, rs9275698, rs3135338, rs2647044, rs3129882, rs4781011, rs2858331, rs7774434, rs2659546, rs6903608, rs9888739, rs40457, rs4664308, rs660895, rs11574637, rs7665090, rs7765379, rs4795067
path:hsa05160	Hepatitis C - Homo sapiens (human)	rs2228671, rs11057830, rs12720356, rs7120118, rs11668477, rs6511720, rs280519, rs10133111, rs2069408, rs4132509, rs210134, rs744166, rs8016947, rs11979158, rs4815617, rs477895, rs7665090, rs2282978, rs1864982, rs2066808, rs1321311, rs2283792, rs1800693, rs445, rs4765623, rs2234978, rs210138, rs9642880, rs10876993
path:hsa05161	Hepatitis B - Homo sapiens (human)	rs12720356, rs224278, rs2413583, rs1950500, rs3821236, rs7574865, rs744910, rs10758669, rs280519, rs10133111, rs1059513, rs4132509, rs2069408, rs744166, rs16886165, rs8016947, rs4815617, rs477895, rs167769, rs968451, rs2066808, rs1321311, rs1990760, rs2283792, rs2237349, rs3889237, rs4601609, rs8102137, rs2234978, rs889312, rs7665090, rs9642880
path:hsa05162	Measles - Homo sapiens (human)	rs12720356, rs6441286, rs485499, rs17810546, rs706779, rs10758669, rs2284033, rs20541, rs280519, rs4132509, rs3213094, rs744166, rs4238010, rs10045431, rs3218097, rs4815617, rs2104286, rs11968166, rs2546890, rs2066808, rs2327832, rs2230926, rs445, rs8102137, rs2234978, rs610604, rs7090512, rs2069408, rs11611647, rs13278062, rs8016947, rs12251307, rs2282978, rs16892766, rs1990760, rs7911500, rs3118470, rs1295686, rs7665090, rs10876993
path:hsa05163	Human cytomegalovirus infection - Homo sapiens (human)	rs6056209, rs2523809, rs815815, rs1869901, rs4713693, rs4132509, rs17036350, rs2877716, rs180515, rs744166, rs3129055, rs2523608, rs9468925, rs2247056, rs2237349, rs2283792, rs1800693, rs6118083, rs2601828, rs445, rs4129267, rs13437082, rs2234978, rs210138, rs2114039, rs1746048, rs2860580, rs4613763, rs882300, rs1950500, rs263238, rs10876993, rs798497, rs798544, rs4537545, rs210134, rs2306677, rs8016947, rs291353, rs11979158, rs1182188, rs2659546, rs9472138, rs7677751, rs2282978, rs4796217, rs999943, rs1321311, rs3889237, rs10484554, rs7665090, rs9642880, rs9264942
path:hsa05164	Influenza A - Homo sapiens (human)	rs9271366, rs12720356, rs987870, rs6441286, rs7775228, rs485499, rs17810546, rs9277535, rs5742915, rs10758669, rs280519, rs3077, rs4132509, rs6457617, rs3213094, rs2856718, rs10045431, rs3129890, rs4815617, rs2546890, rs3135363, rs2066808, rs1800693, rs2283792, rs4601609, rs1539019, rs2234978, rs9357152, rs2647012, rs10484561, rs13192471, rs5498, rs783147, rs9275572, rs9500927, rs9275698, rs3135338, rs2647044, rs3129882, rs4781011, rs13278062, rs2858331, rs8016947, rs1342326, rs7774434, rs3093030, rs6903608, rs1990760, rs1799969, rs3889237, rs660895, rs7665090, rs7765379
path:hsa05165	Human papillomavirus infection - Homo sapiens (human)	rs3914132, rs2755237, rs185819, rs12621278, rs17157903, rs443198, rs16826658, rs180515, rs4944092, rs7341475, rs9296015, rs2523608, rs477895, rs2070729, rs6122972, rs1800693, rs2234978, rs415430, rs2860580, rs2158836, rs7319311, rs3800569, rs197770, rs2069408, rs210134, rs11611647, rs2074404, rs7349332, rs7905537, rs2275215, rs11979158, rs2282978, rs10898392, rs4925386, rs441051, rs10484554, rs7665090, rs10876993, rs12720356, rs7077361, rs2523809, rs12198173, rs4713693, rs7903146, rs1551943, rs280519, rs1054627, rs17036350, rs4132509, rs2273061, rs7901695, rs4238010, rs3129055, rs525410, rs3218097, rs9468925, rs11968166, rs1864982, rs10501570, rs2066808, rs3742207, rs2283792, rs17148090, rs4298437, rs2247056, rs2237349, rs3131296, rs445, rs8102137, rs13437082, rs210138, rs4613763, rs404860, rs2853676, rs10133111, rs3753242, rs2269426, rs3885683, rs1150754, rs11158493, rs1321311, rs2736100, rs9472138, rs9264942, rs1801516
path:hsa05166	Human T-cell leukemia virus 1 infection - Homo sapiens (human)	rs9271366, rs987870, rs7775228, rs2310173, rs706779, rs2284033, rs3077, rs6457617, rs7209435, rs16886165, rs3129890, rs2523608, rs3135363, rs1800693, rs11221332, rs4601609, rs9357152, rs2860580, rs10484561, rs13192471, rs6074022, rs1063192, rs9500927, rs7090512, rs6590330, rs9275698, rs2069408, rs3135338, rs11611647, rs8016947, rs2659546, rs6903608, rs1799969, rs12915189, rs10484554, rs7665090, rs2431697, rs10876993, rs7765379, rs744910, rs9277535, rs2523809, rs4713693, rs4132509, rs2877716, rs4238010, rs2856718, rs3129055, rs3218097, rs9468925, rs11968166, rs2247056, rs2104286, rs2237349, rs2283792, rs1493682, rs2601828, rs8102137, rs13437082, rs889312, rs738722, rs2647012, rs10423674, rs224278, rs1950500, rs263238, rs2853676, rs5498, rs9275572, rs1547014, rs2647044, rs3129882, rs2858331, rs12251307, rs7774434, rs3093030, rs1321311, rs7911500, rs3118470, rs660895, rs2736100, rs9642880, rs9264942, rs1801516
path:hsa05167	Kaposi sarcoma-associated herpesvirus infection - Homo sapiens (human)	rs12720356, rs2523809, rs815815, rs4713693, rs3132468, rs10758669, rs280519, rs9642880, rs4132509, rs17036350, rs744166, rs3129055, rs2523608, rs9468925, rs2247056, rs2066808, rs2283792, rs1800693, rs290986, rs2855812, rs4601609, rs445, rs2234978, rs13437082, rs210138, rs2860580, rs1950500, rs5498, rs10876993, rs10133111, rs2596542, rs210134, rs2306677, rs8016947, rs291353, rs2659546, rs2248462, rs2282978, rs999943, rs3093030, rs13314993, rs1321311, rs6063312, rs1799969, rs9282641, rs10484554, rs7665090, rs9472138, rs9264942
path:hsa05168	Herpes simplex virus 1 infection - Homo sapiens (human)	rs9271366, rs5742915, rs987870, rs12720356, rs7775228, rs9277535, rs2523809, rs6441286, rs4713693, rs485499, rs17810546, rs10758669, rs7474896, rs280519, rs3077, rs17036350, rs4132509, rs6457617, rs1077667, rs3213094, rs2856718, rs3129055, rs10781500, rs10045431, rs3129890, rs260461, rs4815617, rs477895, rs9468925, rs2304130, rs968451, rs2247056, rs2066808, rs2546890, rs2523608, rs1800693, rs3135363, rs3745672, rs290986, rs6499188, rs6611365, rs13437082, rs9357152, rs210138, rs2234978, rs1434579, rs2860580, rs2647012, rs10484561, rs931608, rs4077515, rs2413583, rs13192471, rs9275572, rs10133111, rs9500927, rs9275698, rs210134, rs3135338, rs2647044, rs855913, rs3129882, rs2858331, rs8016947, rs7774434, rs6903608, rs10411195, rs6509701, rs1990760, rs660895, rs10484554, rs7665090, rs9803659, rs9264942, rs7765379
path:hsa05169	Epstein-Barr virus infection - Homo sapiens (human)	rs9271366, rs12720356, rs987870, rs10903122, rs7775228, rs9277535, rs2523809, rs4713693, rs280519, rs3077, rs4132509, rs6457617, rs744166, rs2856718, rs4238010, rs831571, rs3129055, rs3129890, rs3218097, rs2523608, rs9468925, rs11968166, rs968451, rs2247056, rs4815617, rs3135363, rs2066808, rs290986, rs2327832, rs2230926, rs8102137, rs4601609, rs13437082, rs9357152, rs210138, rs2234978, rs445, rs2860580, rs2647012, rs10484561, rs610604, rs2413583, rs13192471, rs6074022, rs5498, rs12423712, rs9275572, rs10876993, rs10133111, rs9500927, rs9275698, rs8028182, rs2069408, rs210134, rs3135338, rs11611647, rs2647044, rs3129882, rs2858331, rs8016947, rs1335532, rs7774434, rs2282978, rs3093030, rs6903608, rs1321311, rs1799969, rs864537, rs660895, rs10484554, rs2056626, rs7665090, rs9642880, rs9264942, rs7765379
path:hsa05170	Human immunodeficiency virus 1 infection - Homo sapiens (human)	rs882300, rs2413583, rs1950500, rs2523809, rs815815, rs4713693, rs2084385, rs2281680, rs4132509, rs17036350, rs210134, rs2306677, rs180515, rs8016947, rs291353, rs3129055, rs2523608, rs477895, rs9468925, rs210138, rs968451, rs2247056, rs2234978, rs2659546, rs2283792, rs1800693, rs999943, rs864537, rs3889237, rs2056626, rs10484554, rs4601609, rs13437082, rs7665090, rs2860580, rs9264942, rs1801516
path:hsa05200	Pathways in cancer - Homo sapiens (human)	rs6441286, rs7574865, rs706779, rs815815, rs1869901, rs485499, rs2755237, rs11209026, rs1828591, rs2284033, rs17810546, rs285480, rs12621278, rs3213094, rs180515, rs4944092, rs2981579, rs7517847, rs6118083, rs2234978, rs415430, rs5919432, rs860413, rs3821236, rs7319311, rs4338740, rs1059513, rs7090512, rs6590330, rs798544, rs2735839, rs210134, rs11141915, rs17116334, rs11979158, rs1182188, rs167769, rs2282978, rs8035957, rs2504063, rs7665090, rs744910, rs6056209, rs7903146, rs10800098, rs4132509, rs2877716, rs2273061, rs4238010, rs6774494, rs7158173, rs152528, rs6686643, rs525410, rs7504990, rs11968166, rs1219648, rs3742207, rs2066808, rs11695685, rs2283792, rs10243024, rs2601828, rs8102137, rs1004446, rs210138, rs1746048, rs263238, rs6842241, rs710446, rs404860, rs1435703, rs6897932, rs995030, rs798497, rs5742692, rs4537545, rs12821256, rs12251307, rs3736228, rs10889677, rs1999805, rs1321311, rs7911500, rs3118470, rs4143832, rs17369571, rs1295686, rs2736100, rs4795067, rs5742915, rs956237, rs2075726, rs10758669, rs1812175, rs543650, rs1983853, rs5751614, rs443198, rs16826658, rs744166, rs7579899, rs9296015, rs477895, rs11221332, rs4601609, rs4129267, rs882300, rs3782181, rs3194051, rs2158836, rs2201841, rs1063192, rs4444235, rs11465804, rs4724100, rs2069408, rs11611647, rs2074404, rs8016947, rs7349332, rs1529672, rs2275215, rs1801275, rs967417, rs7677751, rs6854783, rs3889237, rs4925386, rs3761847, rs10876993, rs1127065, rs20541, rs3790567, rs17036350, rs7647307, rs9642880, rs7901695, rs768048, rs10045431, rs3218097, rs6625163, rs2104286, rs2121875, rs2546890, rs9929218, rs6902771, rs3131296, rs445, rs4962416, rs2114039, rs454305, rs4613763, rs10927875, rs2853676, rs10133111, rs12431733, rs1512268, rs13118928, rs291353, rs9472138, rs5031002, rs1458038, rs892055
path:hsa05202	Transcriptional misregulation in cancer - Homo sapiens (human)	rs5742915, rs2310173, rs2893923, rs1366594, rs2755237, rs2284033, rs285480, rs2239633, rs10800098, rs7647307, rs771767, rs340630, rs16933812, rs10948197, rs4238010, rs7158173, rs12424086, rs11150610, rs702873, rs7159888, rs10243024, rs6670655, rs210138, rs10927875, rs495366, rs13017599, rs7498403, rs6074022, rs10483727, rs8192917, rs9395066, rs5742692, rs1424233, rs8028182, rs13031237, rs210134, rs3799977, rs11611647, rs7923609, rs7979673, rs17116334, rs2300478, rs8007846, rs11897119, rs1111875, rs7923837, rs10484434, rs17086609, rs5015480, rs8756, rs1321311, rs10483776, rs9888739, rs2218488, rs9282641, rs3761847, rs17291650, rs1432295, rs7665090, rs9642880, rs2187642, rs1801516
path:hsa05203	Viral carcinogenesis - Homo sapiens (human)	rs2523809, rs4713693, rs13194491, rs4238010, rs744166, rs3129055, rs3218097, rs2523608, rs9468925, rs11968166, rs2247056, rs477895, rs702873, rs2237349, rs2283792, rs290986, rs4601609, rs445, rs8102137, rs13437082, rs210138, rs2978263, rs2860580, rs224278, rs13017599, rs1063192, rs10876993, rs10133111, rs13031237, rs210134, rs2069408, rs11611647, rs11984041, rs2268983, rs8016947, rs2597513, rs2282978, rs13314993, rs1321311, rs3761847, rs10484554, rs1432295, rs7665090, rs9264942
path:hsa05204	Chemical carcinogenesis - Homo sapiens (human)	rs1789924, rs1495741, rs6686643, rs12772169, rs2472304, rs12767583, rs2470893, rs2185570, rs887829, rs6742078, rs4086116, rs10509680, rs4148325, rs11892031, rs991316, rs1789891, rs1057910
path:hsa05205	Proteoglycans in cancer - Homo sapiens (human)	rs1574192, rs6902771, rs1127065, rs10748128, rs543650, rs3781264, rs4132509, rs17036350, rs16826658, rs3213094, rs180515, rs744166, rs10045431, rs4944092, rs12344583, rs2546890, rs10994397, rs2283792, rs10243024, rs2234978, rs1008953, rs415430, rs1004446, rs3780792, rs3807989, rs5742692, rs2274223, rs3805236, rs2306677, rs2074404, rs7349332, rs11979158, rs9472138, rs999943, rs1999805, rs1321311, rs3765524, rs10761482, rs3889237, rs2306374, rs2504063, rs9642880, rs4948418
path:hsa05206	MicroRNAs in cancer - Homo sapiens (human)	rs1801516, rs12198173, rs2248359, rs710521, rs7578326, rs185819, rs17036350, rs443198, rs4238010, rs744166, rs9296015, rs1625579, rs12424086, rs7610017, rs2283792, rs8023445, rs10243024, rs9466056, rs534870, rs3131296, rs8102137, rs12143943, rs445, rs2114039, rs210138, rs415430, rs404860, rs10495928, rs9674544, rs210134, rs11611647, rs2074404, rs7979673, rs2269426, rs11979158, rs9472138, rs7677751, rs1150754, rs2282978, rs10937405, rs8756, rs1321311, rs2943641, rs3889237, rs7665090, rs9642880, rs9574565
path:hsa05210	Colorectal cancer - Homo sapiens (human)	rs744910, rs956237, rs7903146, rs17036350, rs210134, rs4132509, rs7901695, rs180515, rs768048, rs11979158, rs477895, rs7504990, rs1321311, rs2283792, rs4601609, rs454305, rs210138, rs9642880, rs1350666
path:hsa05211	Renal cell carcinoma - Homo sapiens (human)	rs7579899, rs2084385, rs477895, rs3805236, rs1321311, rs2283792, rs10243024, rs11221332, rs4601609, rs6590330, rs4132509, rs454305, rs9472138
path:hsa05212	Pancreatic cancer - Homo sapiens (human)	rs744910, rs11979158, rs454305, rs477895, rs2282978, rs210138, rs1321311, rs2283792, rs445, rs17036350, rs180515, rs4132509, rs210134, rs7665090, rs9472138, rs10876993, rs744166
path:hsa05213	Endometrial cancer - Homo sapiens (human)	rs2153960, rs11979158, rs956237, rs7901695, rs477895, rs7903146, rs11695685, rs1321311, rs2283792, rs9929218, rs9480865, rs4132509, rs210134, rs210138, rs9642880
path:hsa05214	Glioma - Homo sapiens (human)	rs1127065, rs815815, rs10491334, rs5742692, rs4132509, rs210134, rs17036350, rs11979158, rs7677751, rs2282978, rs1321311, rs2283792, rs8023445, rs3889237, rs445, rs2114039, rs210138, rs454305, rs10876993
path:hsa05215	Prostate cancer - Homo sapiens (human)	rs495366, rs956237, rs2310173, rs7903146, rs2755237, rs5742692, rs4132509, rs2735839, rs2069408, rs17036350, rs7901695, rs1512268, rs8016947, rs7111341, rs11979158, rs6625163, rs477895, rs7677751, rs1219648, rs2114039, rs2237349, rs1321311, rs2283792, rs2981579, rs10895547, rs8102137, rs454305, rs7665090, rs5031002, rs5919432
path:hsa05216	Thyroid cancer - Homo sapiens (human)	rs7901695, rs956237, rs7903146, rs1321311, rs2283792, rs9929218, rs285480, rs10800098, rs210134, rs210138, rs9642880
path:hsa05217	Basal cell carcinoma - Homo sapiens (human)	rs415430, rs956237, rs7903146, rs1828591, rs1812175, rs4444235, rs4724100, rs210134, rs16826658, rs12431733, rs7901695, rs2074404, rs4944092, rs7349332, rs13118928, rs967417, rs6854783, rs1321311, rs210138
path:hsa05218	Melanoma - Homo sapiens (human)	rs4338740, rs5742692, rs7647307, rs4132509, rs210134, rs152528, rs11979158, rs477895, rs7677751, rs2282978, rs2121875, rs1321311, rs2283792, rs9929218, rs10243024, rs10895547, rs17369571, rs445, rs2114039, rs210138, rs1458038, rs10876993
path:hsa05219	Bladder cancer - Homo sapiens (human)	rs11979158, rs470119, rs9472138, rs1321311, rs2283792, rs9929218, rs11141915, rs9642880, rs10876993
path:hsa05220	Chronic myeloid leukemia - Homo sapiens (human)	rs744910, rs477895, rs2282978, rs210138, rs1321311, rs2283792, rs8023445, rs6774494, rs445, rs5751614, rs4962416, rs4132509, rs210134, rs7665090, rs9642880, rs10876993, rs8016947
path:hsa05221	Acute myeloid leukemia - Homo sapiens (human)	rs5742915, rs7901695, rs17116334, rs956237, rs11150610, rs477895, rs7903146, rs9888739, rs2283792, rs2239633, rs17036350, rs4132509, rs7665090, rs9642880, rs180515, rs744166
path:hsa05222	Small cell lung cancer - Homo sapiens (human)	rs10927875, rs2158836, rs6791644, rs7319311, rs1435703, rs1063192, rs285480, rs10133111, rs12621278, rs10800098, rs4132509, rs210134, rs2069408, rs8016947, rs1529672, rs7158173, rs2275215, rs525410, rs7665090, rs2282978, rs3742207, rs1321311, rs10510829, rs10510837, rs3761847, rs4925386, rs445, rs8102137, rs210138, rs9642880, rs10876993, rs4795067
path:hsa05223	Non-small cell lung cancer - Homo sapiens (human)	rs2153960, rs6791644, rs1435703, rs285480, rs10800098, rs4132509, rs210134, rs744166, rs1529672, rs11979158, rs477895, rs2282978, rs1321311, rs2283792, rs10510829, rs10510837, rs3889237, rs445, rs9480865, rs454305, rs210138, rs10876993
path:hsa05224	Breast cancer - Homo sapiens (human)	rs956237, rs6902771, rs7903146, rs543650, rs4132509, rs17036350, rs2273061, rs443198, rs16826658, rs7901695, rs180515, rs4944092, rs9296015, rs152528, rs2121875, rs2283792, rs8023445, rs4601609, rs3131296, rs445, rs210138, rs415430, rs404860, rs4338740, rs5742692, rs210134, rs2074404, rs7349332, rs9594759, rs11979158, rs9594738, rs3736228, rs2282978, rs1999805, rs1321311, rs17369571, rs2504063, rs9642880, rs1458038, rs10876993
path:hsa05225	Hepatocellular carcinoma - Homo sapiens (human)	rs744910, rs415430, rs956237, rs7903146, rs2853676, rs4132509, rs17036350, rs210134, rs16826658, rs3805236, rs7901695, rs2074404, rs180515, rs7349332, rs4944092, rs11979158, rs6686643, rs3736228, rs477895, rs210138, rs2282978, rs2736100, rs1321311, rs2283792, rs8023445, rs10243024, rs3889237, rs445, rs454305, rs1004446, rs9642880, rs2251219, rs10876993
path:hsa05226	Gastric cancer - Homo sapiens (human)	rs744910, rs956237, rs7903146, rs285480, rs10800098, rs4132509, rs17036350, rs16826658, rs7901695, rs180515, rs4944092, rs152528, rs2981579, rs1219648, rs2121875, rs11695685, rs2283792, rs9929218, rs8023445, rs10243024, rs8102137, rs415430, rs210138, rs1435703, rs1063192, rs2853676, rs4338740, rs2069408, rs210134, rs3805236, rs2074404, rs7349332, rs1529672, rs11979158, rs3736228, rs1321311, rs17369571, rs2736100, rs9642880, rs1458038
path:hsa05230	Central carbon metabolism in cancer - Homo sapiens (human)	rs11979158, rs3757840, rs730497, rs2981579, rs7677751, rs1219648, rs7072268, rs2283792, rs9806762, rs2896526, rs4607517, rs10243024, rs17036350, rs4132509, rs2114039, rs9642880
path:hsa05231	Choline metabolism in cancer - Homo sapiens (human)	rs7758229, rs11248060, rs10479002, rs6561030, rs838705, rs2073643, rs1857353, rs4142110, rs4132509, rs17036350, rs2736428, rs180515, rs1012053, rs11979158, rs7677751, rs9364554, rs651164, rs2283792, rs1564348, rs10895547, rs3889237, rs272889, rs4601609, rs2114039, rs494620
path:hsa05310	Asthma - Homo sapiens (human)	rs9271366, rs987870, rs7775228, rs9277535, rs13192471, rs6074022, rs3024505, rs9275572, rs20541, rs9500927, rs3077, rs9275698, rs3135338, rs6457617, rs3129882, rs2647044, rs2856718, rs2858331, rs3129890, rs7774434, rs6903608, rs3135363, rs4143832, rs7765379, rs660895, rs1295686, rs9357152, rs2251746, rs2647012, rs10484561
path:hsa05320	Autoimmune thyroid disease - Homo sapiens (human)	rs9271366, rs987870, rs7775228, rs9277535, rs2523809, rs4713693, rs3024505, rs3077, rs6457617, rs2856718, rs3129055, rs3129890, rs2523608, rs9468925, rs8017455, rs2247056, rs3135363, rs1024161, rs13437082, rs9357152, rs2234978, rs2860580, rs2647012, rs10484561, rs13192471, rs6074022, rs10999409, rs9275572, rs8192917, rs9500927, rs12101261, rs9275698, rs3135338, rs2647044, rs3129882, rs231735, rs2858331, rs7774434, rs6903608, rs17111394, rs4143832, rs9282641, rs660895, rs10484554, rs9264942, rs7765379
path:hsa05321	Inflammatory bowel disease (IBD) - Homo sapiens (human)	rs9271366, rs744910, rs987870, rs6441286, rs7775228, rs7574865, rs485499, rs17810546, rs9277535, rs3024505, rs11209026, rs20541, rs339969, rs3077, rs3790567, rs6457617, rs3213094, rs744166, rs2856718, rs10045431, rs3129890, rs2546890, rs3135363, rs7517847, rs5743289, rs4601609, rs3743266, rs9357152, rs2647012, rs10484561, rs11071559, rs3821236, rs13192471, rs2076756, rs7498403, rs2201841, rs9302752, rs9275572, rs11465804, rs9500927, rs1059513, rs1424233, rs9275698, rs3135338, rs3129882, rs2647044, rs2858331, rs3771166, rs7774434, rs1801275, rs809736, rs167769, rs340029, rs10889677, rs6903608, rs501764, rs4143832, rs660895, rs3784609, rs1295686, rs7665090, rs7765379
path:hsa05322	Systemic lupus erythematosus - Homo sapiens (human)	rs4764043, rs9271366, rs987870, rs2647012, rs7775228, rs13192471, rs4764039, rs9277535, rs1801274, rs6074022, rs3024505, rs2160519, rs9275572, rs9500927, rs3077, rs9275698, rs13194491, rs2268983, rs3135338, rs6457617, rs2647044, rs3129882, rs2856718, rs2858331, rs3129890, rs7774434, rs10484434, rs6903608, rs3135363, rs9282641, rs660895, rs477687, rs9357152, rs7765379, rs10484561
path:hsa05323	Rheumatoid arthritis - Homo sapiens (human)	rs9271366, rs987870, rs7775228, rs9277535, rs3077, rs6457617, rs2856718, rs3129890, rs3135363, rs1024161, rs4601609, rs9357152, rs3018362, rs1746048, rs2647012, rs10484561, rs495366, rs13192471, rs5498, rs9275572, rs484959, rs7253363, rs3800569, rs9500927, rs9275698, rs3135338, rs2647044, rs231735, rs3129882, rs2858331, rs1126757, rs9594759, rs7774434, rs9594738, rs17086609, rs3093030, rs2957128, rs6903608, rs1799969, rs9282641, rs660895, rs3803800, rs9472138, rs7765379
path:hsa05330	Allograft rejection - Homo sapiens (human)	rs9271366, rs987870, rs6441286, rs7775228, rs485499, rs17810546, rs2523809, rs4713693, rs9277535, rs3024505, rs3077, rs6457617, rs3213094, rs2856718, rs3129055, rs10045431, rs3129890, rs2523608, rs9468925, rs2247056, rs2546890, rs3135363, rs13437082, rs9357152, rs2234978, rs2860580, rs2647012, rs10484561, rs13192471, rs6074022, rs10999409, rs9275572, rs8192917, rs9500927, rs9275698, rs3135338, rs2647044, rs3129882, rs2858331, rs7774434, rs6903608, rs4143832, rs9282641, rs660895, rs10484554, rs9264942, rs7765379
path:hsa05332	Graft-versus-host disease - Homo sapiens (human)	rs9271366, rs987870, rs7775228, rs9277535, rs2523809, rs4713693, rs3077, rs6457617, rs2856718, rs3129055, rs3129890, rs2523608, rs9468925, rs2247056, rs3135363, rs2234978, rs13437082, rs9357152, rs2860580, rs2647012, rs10484561, rs13192471, rs10999409, rs9275572, rs8192917, rs9500927, rs9275698, rs3135338, rs2647044, rs3129882, rs2858331, rs7774434, rs6903608, rs9282641, rs660895, rs10484554, rs9264942, rs7765379
path:hsa05340	Primary immunodeficiency - Homo sapiens (human)	rs3194051, rs4781011, rs6547705, rs6074022, rs6897932, rs2075876, rs4675374, rs140174, rs860413, rs4273077
path:hsa05410	Hypertrophic cardiomyopathy (HCM) - Homo sapiens (human)	rs7077361, rs157350, rs365990, rs2281845, rs4704970, rs1551943, rs7805747, rs11065611, rs7795096, rs7069923, rs5742692, rs12621278, rs197770, rs2070615, rs2819770, rs216013, rs4329, rs2275215, rs4770403, rs4343, rs12476289, rs2819742, rs7076247, rs7554607
path:hsa05412	Arrhythmogenic right ventricular cardiomyopathy (ARVC) - Homo sapiens (human)	rs7077361, rs157350, rs2281845, rs956237, rs7903146, rs1551943, rs2298574, rs4704970, rs11065611, rs197770, rs12621278, rs7069923, rs7901695, rs2070615, rs4770403, rs216013, rs2819770, rs2275215, rs2819742, rs11695685, rs7076247, rs7554607, rs11154022
path:hsa05414	Dilated cardiomyopathy (DCM) - Homo sapiens (human)	rs7077361, rs157350, rs263238, rs365990, rs2281845, rs7554607, rs4704970, rs1551943, rs11065611, rs7069923, rs5742692, rs12621278, rs197770, rs2877716, rs2070615, rs216013, rs2819770, rs4770403, rs2275215, rs12476289, rs2819742, rs2782980, rs2601828, rs7076247, rs82625
path:hsa05416	Viral myocarditis - Homo sapiens (human)	rs9271366, rs987870, rs365990, rs7775228, rs9277535, rs2523809, rs157350, rs4713693, rs4704970, rs3077, rs6457617, rs2856718, rs3129055, rs3129890, rs2523608, rs9468925, rs2247056, rs3135363, rs13437082, rs9357152, rs2860580, rs2647012, rs10484561, rs13192471, rs6074022, rs3807989, rs5498, rs10999409, rs9275572, rs9500927, rs9275698, rs3135338, rs2647044, rs3129882, rs2858331, rs4770403, rs2275215, rs7774434, rs3093030, rs6903608, rs1799969, rs9282641, rs660895, rs10484554, rs9264942, rs7765379
path:hsa05418	Fluid shear stress and atherosclerosis - Homo sapiens (human)	rs1574192, rs6504218, rs12593813, rs2310173, rs815815, rs3807989, rs1366594, rs5498, rs10021303, rs4444235, rs3753242, rs2580816, rs1859156, rs4132509, rs12431733, rs6686643, rs3093030, rs1800693, rs1799969, rs4601609, rs2241423, rs1008953, rs7665090, rs9472138
